2025-08-14 11:16:33 INFO  [background-preinit] o.h.validator.internal.util.Version - HV000001: Hibernate Validator 8.0.2.Final
2025-08-14 11:16:33 INFO  [main] d.t.g.i.ProductIntegrationTest - Starting ProductIntegrationTest using Java 24.0.1 with PID 32803 (started by alexandrakriviz in /Users/alexandrakriviz/IdeaProjects/GardenStore)
2025-08-14 11:16:33 INFO  [main] d.t.g.i.ProductIntegrationTest - No active profile set, falling back to 1 default profile: "default"
2025-08-14 11:16:34 INFO  [main] o.s.d.r.c.RepositoryConfigurationDelegate - Bootstrapping Spring Data JPA repositories in DEFAULT mode.
2025-08-14 11:16:34 INFO  [main] o.s.d.r.c.RepositoryConfigurationDelegate - Finished Spring Data repository scanning in 23 ms. Found 8 JPA repository interfaces.
2025-08-14 11:16:34 INFO  [main] com.zaxxer.hikari.HikariDataSource - HikariPool-1 - Starting...
2025-08-14 11:16:34 INFO  [main] com.zaxxer.hikari.pool.HikariPool - HikariPool-1 - Added connection conn0: url=jdbc:h2:mem:test user=SA
2025-08-14 11:16:34 INFO  [main] com.zaxxer.hikari.HikariDataSource - HikariPool-1 - Start completed.
2025-08-14 11:16:34 INFO  [main] o.h.jpa.internal.util.LogHelper - HHH000204: Processing PersistenceUnitInfo [name: default]
2025-08-14 11:16:34 INFO  [main] org.hibernate.Version - HHH000412: Hibernate ORM core version 6.6.18.Final
2025-08-14 11:16:34 INFO  [main] o.h.c.i.RegionFactoryInitiator - HHH000026: Second-level cache disabled
2025-08-14 11:16:34 INFO  [main] o.s.o.j.p.SpringPersistenceUnitInfo - No LoadTimeWeaver setup: ignoring JPA class transformer
2025-08-14 11:16:34 WARN  [main] org.hibernate.orm.deprecation - HHH90000025: H2Dialect does not need to be specified explicitly using 'hibernate.dialect' (remove the property setting and it will be selected by default)
2025-08-14 11:16:34 INFO  [main] o.hibernate.orm.connections.pooling - HHH10001005: Database info:
	Database JDBC URL [Connecting through datasource 'HikariDataSource (HikariPool-1)']
	Database driver: undefined/unknown
	Database version: 2.3.232
	Autocommit mode: undefined/unknown
	Isolation level: undefined/unknown
	Minimum pool size: undefined/unknown
	Maximum pool size: undefined/unknown
2025-08-14 11:16:35 INFO  [main] o.h.e.t.j.p.i.JtaPlatformInitiator - HHH000489: No JTA platform available (set 'hibernate.transaction.jta.platform' to enable JTA platform integration)
2025-08-14 11:16:35 INFO  [main] o.s.o.j.LocalContainerEntityManagerFactoryBean - Initialized JPA EntityManagerFactory for persistence unit 'default'
2025-08-14 11:16:35 INFO  [main] o.s.d.j.r.query.QueryEnhancerFactory - Hibernate is in classpath; If applicable, HQL parser will be used.
2025-08-14 11:16:35 INFO  [main] o.s.s.c.a.a.c.InitializeUserDetailsBeanManagerConfigurer$InitializeUserDetailsManagerConfigurer - Global AuthenticationManager configured with UserDetailsService bean with name userDetailServiceImpl
2025-08-14 11:16:35 WARN  [main] o.s.b.a.o.j.JpaBaseConfiguration$JpaWebConfiguration - spring.jpa.open-in-view is enabled by default. Therefore, database queries may be performed during view rendering. Explicitly configure spring.jpa.open-in-view to disable this warning
2025-08-14 11:16:35 DEBUG [main] d.t.g.service.security.JwtAuthFilter - Filter 'jwtAuthFilter' configured for use
2025-08-14 11:16:35 INFO  [main] o.s.b.t.m.w.SpringBootMockServletContext - Initializing Spring TestDispatcherServlet ''
2025-08-14 11:16:35 INFO  [main] o.s.t.w.s.TestDispatcherServlet - Initializing Servlet ''
2025-08-14 11:16:35 INFO  [main] o.s.t.w.s.TestDispatcherServlet - Completed initialization in 1 ms
2025-08-14 11:16:35 INFO  [main] d.t.g.i.ProductIntegrationTest - Started ProductIntegrationTest in 2.037 seconds (process running for 2.52)
2025-08-14 11:16:36 DEBUG [task-1] d.t.g.s.scheduled.ScheduledService - task-1: Shipped Orders
2025-08-14 11:16:36 DEBUG [task-2] d.t.g.s.scheduled.ScheduledService - task-2: Awaiting Payment Orders
2025-08-14 11:16:36 DEBUG [task-3] d.t.g.s.scheduled.ScheduledService - task-3: Created Orders
2025-08-14 11:16:36 DEBUG [task-4] d.t.g.s.scheduled.ScheduledService - task-4: Paid Orders
2025-08-14 11:16:36 ERROR [main] d.t.g.handler.GlobalExceptionHandler - Min price cannot be greater than max price
java.lang.IllegalArgumentException: Min price cannot be greater than max price
	at de.telran.gardenStore.controller.ProductControllerImpl.getAll(ProductControllerImpl.java:45)
	at java.base/jdk.internal.reflect.DirectMethodHandleAccessor.invoke(DirectMethodHandleAccessor.java:104)
	at java.base/java.lang.reflect.Method.invoke(Method.java:565)
	at org.springframework.aop.support.AopUtils.invokeJoinpointUsingReflection(AopUtils.java:359)
	at org.springframework.aop.framework.ReflectiveMethodInvocation.invokeJoinpoint(ReflectiveMethodInvocation.java:196)
	at org.springframework.aop.framework.ReflectiveMethodInvocation.proceed(ReflectiveMethodInvocation.java:163)
	at org.springframework.validation.beanvalidation.MethodValidationInterceptor.invoke(MethodValidationInterceptor.java:174)
	at org.springframework.aop.framework.ReflectiveMethodInvocation.proceed(ReflectiveMethodInvocation.java:184)
	at org.springframework.aop.framework.CglibAopProxy$DynamicAdvisedInterceptor.intercept(CglibAopProxy.java:728)
	at de.telran.gardenStore.controller.ProductControllerImpl$$SpringCGLIB$$0.getAll(<generated>)
	at java.base/jdk.internal.reflect.DirectMethodHandleAccessor.invoke(DirectMethodHandleAccessor.java:104)
	at java.base/java.lang.reflect.Method.invoke(Method.java:565)
	at org.springframework.web.method.support.InvocableHandlerMethod.doInvoke(InvocableHandlerMethod.java:258)
	at org.springframework.web.method.support.InvocableHandlerMethod.invokeForRequest(InvocableHandlerMethod.java:191)
	at org.springframework.web.servlet.mvc.method.annotation.ServletInvocableHandlerMethod.invokeAndHandle(ServletInvocableHandlerMethod.java:118)
	at org.springframework.web.servlet.mvc.method.annotation.RequestMappingHandlerAdapter.invokeHandlerMethod(RequestMappingHandlerAdapter.java:986)
	at org.springframework.web.servlet.mvc.method.annotation.RequestMappingHandlerAdapter.handleInternal(RequestMappingHandlerAdapter.java:891)
	at org.springframework.web.servlet.mvc.method.AbstractHandlerMethodAdapter.handle(AbstractHandlerMethodAdapter.java:87)
	at org.springframework.web.servlet.DispatcherServlet.doDispatch(DispatcherServlet.java:1089)
	at org.springframework.web.servlet.DispatcherServlet.doService(DispatcherServlet.java:979)
	at org.springframework.web.servlet.FrameworkServlet.processRequest(FrameworkServlet.java:1014)
	at org.springframework.web.servlet.FrameworkServlet.doGet(FrameworkServlet.java:903)
	at jakarta.servlet.http.HttpServlet.service(HttpServlet.java:564)
	at org.springframework.web.servlet.FrameworkServlet.service(FrameworkServlet.java:885)
	at org.springframework.test.web.servlet.TestDispatcherServlet.service(TestDispatcherServlet.java:72)
	at jakarta.servlet.http.HttpServlet.service(HttpServlet.java:658)
	at org.springframework.mock.web.MockFilterChain$ServletFilterProxy.doFilter(MockFilterChain.java:165)
	at org.springframework.mock.web.MockFilterChain.doFilter(MockFilterChain.java:132)
	at org.springframework.web.filter.OncePerRequestFilter.doFilter(OncePerRequestFilter.java:110)
	at org.springframework.test.web.servlet.setup.MockMvcFilterDecorator.doFilter(MockMvcFilterDecorator.java:162)
	at org.springframework.mock.web.MockFilterChain.doFilter(MockFilterChain.java:132)
	at org.springframework.web.filter.CompositeFilter$VirtualFilterChain.doFilter(CompositeFilter.java:108)
	at org.springframework.web.filter.CompositeFilter$VirtualFilterChain.doFilter(CompositeFilter.java:108)
	at org.springframework.security.web.FilterChainProxy.lambda$doFilterInternal$3(FilterChainProxy.java:231)
	at org.springframework.security.web.FilterChainProxy$VirtualFilterChain.doFilter(FilterChainProxy.java:365)
	at org.springframework.security.web.access.intercept.AuthorizationFilter.doFilter(AuthorizationFilter.java:101)
	at org.springframework.security.web.FilterChainProxy$VirtualFilterChain.doFilter(FilterChainProxy.java:374)
	at org.springframework.security.web.access.ExceptionTranslationFilter.doFilter(ExceptionTranslationFilter.java:125)
	at org.springframework.security.web.access.ExceptionTranslationFilter.doFilter(ExceptionTranslationFilter.java:119)
	at org.springframework.security.web.FilterChainProxy$VirtualFilterChain.doFilter(FilterChainProxy.java:374)
	at org.springframework.security.web.session.SessionManagementFilter.doFilter(SessionManagementFilter.java:131)
	at org.springframework.security.web.session.SessionManagementFilter.doFilter(SessionManagementFilter.java:85)
	at org.springframework.security.web.FilterChainProxy$VirtualFilterChain.doFilter(FilterChainProxy.java:374)
	at org.springframework.security.web.authentication.AnonymousAuthenticationFilter.doFilter(AnonymousAuthenticationFilter.java:100)
	at org.springframework.security.web.FilterChainProxy$VirtualFilterChain.doFilter(FilterChainProxy.java:374)
	at org.springframework.security.web.servletapi.SecurityContextHolderAwareRequestFilter.doFilter(SecurityContextHolderAwareRequestFilter.java:179)
	at org.springframework.security.web.FilterChainProxy$VirtualFilterChain.doFilter(FilterChainProxy.java:374)
	at org.springframework.security.web.savedrequest.RequestCacheAwareFilter.doFilter(RequestCacheAwareFilter.java:63)
	at org.springframework.security.web.FilterChainProxy$VirtualFilterChain.doFilter(FilterChainProxy.java:374)
	at org.springframework.security.web.authentication.www.BasicAuthenticationFilter.doFilterInternal(BasicAuthenticationFilter.java:181)
	at org.springframework.web.filter.OncePerRequestFilter.doFilter(OncePerRequestFilter.java:116)
	at org.springframework.security.web.FilterChainProxy$VirtualFilterChain.doFilter(FilterChainProxy.java:374)
	at de.telran.gardenStore.service.security.JwtAuthFilter.doFilterInternal(JwtAuthFilter.java:35)
	at org.springframework.web.filter.OncePerRequestFilter.doFilter(OncePerRequestFilter.java:116)
	at org.springframework.security.web.FilterChainProxy$VirtualFilterChain.doFilter(FilterChainProxy.java:374)
	at org.springframework.security.web.authentication.logout.LogoutFilter.doFilter(LogoutFilter.java:107)
	at org.springframework.security.web.authentication.logout.LogoutFilter.doFilter(LogoutFilter.java:93)
	at org.springframework.security.web.FilterChainProxy$VirtualFilterChain.doFilter(FilterChainProxy.java:374)
	at org.springframework.security.web.header.HeaderWriterFilter.doHeadersAfter(HeaderWriterFilter.java:90)
	at org.springframework.security.web.header.HeaderWriterFilter.doFilterInternal(HeaderWriterFilter.java:75)
	at org.springframework.web.filter.OncePerRequestFilter.doFilter(OncePerRequestFilter.java:116)
	at org.springframework.security.web.FilterChainProxy$VirtualFilterChain.doFilter(FilterChainProxy.java:374)
	at org.springframework.security.web.context.SecurityContextHolderFilter.doFilter(SecurityContextHolderFilter.java:82)
	at org.springframework.security.web.context.SecurityContextHolderFilter.doFilter(SecurityContextHolderFilter.java:69)
	at org.springframework.security.web.FilterChainProxy$VirtualFilterChain.doFilter(FilterChainProxy.java:374)
	at org.springframework.security.web.context.request.async.WebAsyncManagerIntegrationFilter.doFilterInternal(WebAsyncManagerIntegrationFilter.java:62)
	at org.springframework.web.filter.OncePerRequestFilter.doFilter(OncePerRequestFilter.java:116)
	at org.springframework.security.web.FilterChainProxy$VirtualFilterChain.doFilter(FilterChainProxy.java:374)
	at org.springframework.security.web.session.DisableEncodeUrlFilter.doFilterInternal(DisableEncodeUrlFilter.java:42)
	at org.springframework.web.filter.OncePerRequestFilter.doFilter(OncePerRequestFilter.java:116)
	at org.springframework.security.web.FilterChainProxy$VirtualFilterChain.doFilter(FilterChainProxy.java:374)
	at org.springframework.security.web.FilterChainProxy.doFilterInternal(FilterChainProxy.java:233)
	at org.springframework.security.web.FilterChainProxy.doFilter(FilterChainProxy.java:191)
	at org.springframework.web.filter.CompositeFilter$VirtualFilterChain.doFilter(CompositeFilter.java:113)
	at org.springframework.web.filter.ServletRequestPathFilter.doFilter(ServletRequestPathFilter.java:52)
	at org.springframework.web.filter.CompositeFilter$VirtualFilterChain.doFilter(CompositeFilter.java:113)
	at org.springframework.web.filter.CompositeFilter.doFilter(CompositeFilter.java:74)
	at org.springframework.security.config.annotation.web.configuration.WebSecurityConfiguration$CompositeFilterChainProxy.doFilter(WebSecurityConfiguration.java:319)
	at org.springframework.web.filter.CompositeFilter$VirtualFilterChain.doFilter(CompositeFilter.java:113)
	at org.springframework.web.servlet.handler.HandlerMappingIntrospector.lambda$createCacheFilter$4(HandlerMappingIntrospector.java:267)
	at org.springframework.web.filter.CompositeFilter$VirtualFilterChain.doFilter(CompositeFilter.java:113)
	at org.springframework.web.filter.CompositeFilter.doFilter(CompositeFilter.java:74)
	at org.springframework.security.config.annotation.web.configuration.WebMvcSecurityConfiguration$CompositeFilterChainProxy.doFilter(WebMvcSecurityConfiguration.java:240)
	at org.springframework.web.filter.DelegatingFilterProxy.invokeDelegate(DelegatingFilterProxy.java:362)
	at org.springframework.web.filter.DelegatingFilterProxy.doFilter(DelegatingFilterProxy.java:278)
	at org.springframework.test.web.servlet.setup.MockMvcFilterDecorator.doFilter(MockMvcFilterDecorator.java:162)
	at org.springframework.mock.web.MockFilterChain.doFilter(MockFilterChain.java:132)
	at org.springframework.web.filter.RequestContextFilter.doFilterInternal(RequestContextFilter.java:100)
	at org.springframework.web.filter.OncePerRequestFilter.doFilter(OncePerRequestFilter.java:116)
	at org.springframework.test.web.servlet.setup.MockMvcFilterDecorator.doFilter(MockMvcFilterDecorator.java:162)
	at org.springframework.mock.web.MockFilterChain.doFilter(MockFilterChain.java:132)
	at org.springframework.web.filter.FormContentFilter.doFilterInternal(FormContentFilter.java:93)
	at org.springframework.web.filter.OncePerRequestFilter.doFilter(OncePerRequestFilter.java:116)
	at org.springframework.test.web.servlet.setup.MockMvcFilterDecorator.doFilter(MockMvcFilterDecorator.java:162)
	at org.springframework.mock.web.MockFilterChain.doFilter(MockFilterChain.java:132)
	at org.springframework.web.filter.CharacterEncodingFilter.doFilterInternal(CharacterEncodingFilter.java:201)
	at org.springframework.web.filter.OncePerRequestFilter.doFilter(OncePerRequestFilter.java:116)
	at org.springframework.test.web.servlet.setup.MockMvcFilterDecorator.doFilter(MockMvcFilterDecorator.java:162)
	at org.springframework.mock.web.MockFilterChain.doFilter(MockFilterChain.java:132)
	at org.springframework.test.web.servlet.MockMvc.perform(MockMvc.java:201)
	at de.telran.gardenStore.integration.ProductIntegrationTest.getAllPriceRangeInvalidBadRequest(ProductIntegrationTest.java:176)
	at java.base/jdk.internal.reflect.DirectMethodHandleAccessor.invoke(DirectMethodHandleAccessor.java:104)
	at java.base/java.lang.reflect.Method.invoke(Method.java:565)
	at org.junit.platform.commons.util.ReflectionUtils.invokeMethod(ReflectionUtils.java:775)
	at org.junit.platform.commons.support.ReflectionSupport.invokeMethod(ReflectionSupport.java:479)
	at org.junit.jupiter.engine.execution.MethodInvocation.proceed(MethodInvocation.java:60)
	at org.junit.jupiter.engine.execution.InvocationInterceptorChain$ValidatingInvocation.proceed(InvocationInterceptorChain.java:131)
	at org.junit.jupiter.engine.extension.TimeoutExtension.intercept(TimeoutExtension.java:161)
	at org.junit.jupiter.engine.extension.TimeoutExtension.interceptTestableMethod(TimeoutExtension.java:152)
	at org.junit.jupiter.engine.extension.TimeoutExtension.interceptTestMethod(TimeoutExtension.java:91)
	at org.junit.jupiter.engine.execution.InterceptingExecutableInvoker$ReflectiveInterceptorCall.lambda$ofVoidMethod$0(InterceptingExecutableInvoker.java:112)
	at org.junit.jupiter.engine.execution.InterceptingExecutableInvoker.lambda$invoke$0(InterceptingExecutableInvoker.java:94)
	at org.junit.jupiter.engine.execution.InvocationInterceptorChain$InterceptedInvocation.proceed(InvocationInterceptorChain.java:106)
	at org.junit.jupiter.engine.execution.InvocationInterceptorChain.proceed(InvocationInterceptorChain.java:64)
	at org.junit.jupiter.engine.execution.InvocationInterceptorChain.chainAndInvoke(InvocationInterceptorChain.java:45)
	at org.junit.jupiter.engine.execution.InvocationInterceptorChain.invoke(InvocationInterceptorChain.java:37)
	at org.junit.jupiter.engine.execution.InterceptingExecutableInvoker.invoke(InterceptingExecutableInvoker.java:93)
	at org.junit.jupiter.engine.execution.InterceptingExecutableInvoker.invoke(InterceptingExecutableInvoker.java:87)
	at org.junit.jupiter.engine.descriptor.TestMethodTestDescriptor.lambda$invokeTestMethod$7(TestMethodTestDescriptor.java:216)
	at org.junit.platform.engine.support.hierarchical.ThrowableCollector.execute(ThrowableCollector.java:73)
	at org.junit.jupiter.engine.descriptor.TestMethodTestDescriptor.invokeTestMethod(TestMethodTestDescriptor.java:212)
	at org.junit.jupiter.engine.descriptor.TestMethodTestDescriptor.execute(TestMethodTestDescriptor.java:137)
	at org.junit.jupiter.engine.descriptor.TestMethodTestDescriptor.execute(TestMethodTestDescriptor.java:69)
	at org.junit.platform.engine.support.hierarchical.NodeTestTask.lambda$executeRecursively$6(NodeTestTask.java:156)
	at org.junit.platform.engine.support.hierarchical.ThrowableCollector.execute(ThrowableCollector.java:73)
	at org.junit.platform.engine.support.hierarchical.NodeTestTask.lambda$executeRecursively$8(NodeTestTask.java:146)
	at org.junit.platform.engine.support.hierarchical.Node.around(Node.java:137)
	at org.junit.platform.engine.support.hierarchical.NodeTestTask.lambda$executeRecursively$9(NodeTestTask.java:144)
	at org.junit.platform.engine.support.hierarchical.ThrowableCollector.execute(ThrowableCollector.java:73)
	at org.junit.platform.engine.support.hierarchical.NodeTestTask.executeRecursively(NodeTestTask.java:143)
	at org.junit.platform.engine.support.hierarchical.NodeTestTask.execute(NodeTestTask.java:100)
	at java.base/java.util.ArrayList.forEach(ArrayList.java:1604)
	at org.junit.platform.engine.support.hierarchical.SameThreadHierarchicalTestExecutorService.invokeAll(SameThreadHierarchicalTestExecutorService.java:41)
	at org.junit.platform.engine.support.hierarchical.NodeTestTask.lambda$executeRecursively$6(NodeTestTask.java:160)
	at org.junit.platform.engine.support.hierarchical.ThrowableCollector.execute(ThrowableCollector.java:73)
	at org.junit.platform.engine.support.hierarchical.NodeTestTask.lambda$executeRecursively$8(NodeTestTask.java:146)
	at org.junit.platform.engine.support.hierarchical.Node.around(Node.java:137)
	at org.junit.platform.engine.support.hierarchical.NodeTestTask.lambda$executeRecursively$9(NodeTestTask.java:144)
	at org.junit.platform.engine.support.hierarchical.ThrowableCollector.execute(ThrowableCollector.java:73)
	at org.junit.platform.engine.support.hierarchical.NodeTestTask.executeRecursively(NodeTestTask.java:143)
	at org.junit.platform.engine.support.hierarchical.NodeTestTask.execute(NodeTestTask.java:100)
	at java.base/java.util.ArrayList.forEach(ArrayList.java:1604)
	at org.junit.platform.engine.support.hierarchical.SameThreadHierarchicalTestExecutorService.invokeAll(SameThreadHierarchicalTestExecutorService.java:41)
	at org.junit.platform.engine.support.hierarchical.NodeTestTask.lambda$executeRecursively$6(NodeTestTask.java:160)
	at org.junit.platform.engine.support.hierarchical.ThrowableCollector.execute(ThrowableCollector.java:73)
	at org.junit.platform.engine.support.hierarchical.NodeTestTask.lambda$executeRecursively$8(NodeTestTask.java:146)
	at org.junit.platform.engine.support.hierarchical.Node.around(Node.java:137)
	at org.junit.platform.engine.support.hierarchical.NodeTestTask.lambda$executeRecursively$9(NodeTestTask.java:144)
	at org.junit.platform.engine.support.hierarchical.ThrowableCollector.execute(ThrowableCollector.java:73)
	at org.junit.platform.engine.support.hierarchical.NodeTestTask.executeRecursively(NodeTestTask.java:143)
	at org.junit.platform.engine.support.hierarchical.NodeTestTask.execute(NodeTestTask.java:100)
	at org.junit.platform.engine.support.hierarchical.SameThreadHierarchicalTestExecutorService.submit(SameThreadHierarchicalTestExecutorService.java:35)
	at org.junit.platform.engine.support.hierarchical.HierarchicalTestExecutor.execute(HierarchicalTestExecutor.java:57)
	at org.junit.platform.engine.support.hierarchical.HierarchicalTestEngine.execute(HierarchicalTestEngine.java:54)
	at org.junit.platform.launcher.core.EngineExecutionOrchestrator.execute(EngineExecutionOrchestrator.java:201)
	at org.junit.platform.launcher.core.EngineExecutionOrchestrator.execute(EngineExecutionOrchestrator.java:170)
	at org.junit.platform.launcher.core.EngineExecutionOrchestrator.execute(EngineExecutionOrchestrator.java:94)
	at org.junit.platform.launcher.core.EngineExecutionOrchestrator.lambda$execute$0(EngineExecutionOrchestrator.java:59)
	at org.junit.platform.launcher.core.EngineExecutionOrchestrator.withInterceptedStreams(EngineExecutionOrchestrator.java:142)
	at org.junit.platform.launcher.core.EngineExecutionOrchestrator.execute(EngineExecutionOrchestrator.java:58)
	at org.junit.platform.launcher.core.DefaultLauncher.execute(DefaultLauncher.java:103)
	at org.junit.platform.launcher.core.DefaultLauncher.execute(DefaultLauncher.java:85)
	at org.junit.platform.launcher.core.DelegatingLauncher.execute(DelegatingLauncher.java:47)
	at org.junit.platform.launcher.core.InterceptingLauncher.lambda$execute$1(InterceptingLauncher.java:39)
	at org.junit.platform.launcher.core.ClasspathAlignmentCheckingLauncherInterceptor.intercept(ClasspathAlignmentCheckingLauncherInterceptor.java:25)
	at org.junit.platform.launcher.core.InterceptingLauncher.execute(InterceptingLauncher.java:38)
	at org.junit.platform.launcher.core.DelegatingLauncher.execute(DelegatingLauncher.java:47)
	at org.junit.platform.launcher.core.SessionPerRequestLauncher.execute(SessionPerRequestLauncher.java:63)
	at com.intellij.junit5.JUnit5IdeaTestRunner.startRunnerWithArgs(JUnit5IdeaTestRunner.java:57)
	at com.intellij.rt.junit.IdeaTestRunner$Repeater$1.execute(IdeaTestRunner.java:38)
	at com.intellij.rt.execution.junit.TestsRepeater.repeat(TestsRepeater.java:11)
	at com.intellij.rt.junit.IdeaTestRunner$Repeater.startRunnerWithArgs(IdeaTestRunner.java:35)
	at com.intellij.rt.junit.JUnitStarter.prepareStreamsAndStart(JUnitStarter.java:231)
	at com.intellij.rt.junit.JUnitStarter.main(JUnitStarter.java:55)
2025-08-14 11:16:36 ERROR [main] d.t.g.handler.GlobalExceptionHandler - getAll.sortBy: must match "productId|name|price|category|discountPrice|createdAt|updatedAt"
jakarta.validation.ConstraintViolationException: getAll.sortBy: must match "productId|name|price|category|discountPrice|createdAt|updatedAt"
	at org.springframework.validation.beanvalidation.MethodValidationInterceptor.invoke(MethodValidationInterceptor.java:170)
	at org.springframework.aop.framework.ReflectiveMethodInvocation.proceed(ReflectiveMethodInvocation.java:184)
	at org.springframework.aop.framework.CglibAopProxy$DynamicAdvisedInterceptor.intercept(CglibAopProxy.java:728)
	at de.telran.gardenStore.controller.ProductControllerImpl$$SpringCGLIB$$0.getAll(<generated>)
	at java.base/jdk.internal.reflect.DirectMethodHandleAccessor.invoke(DirectMethodHandleAccessor.java:104)
	at java.base/java.lang.reflect.Method.invoke(Method.java:565)
	at org.springframework.web.method.support.InvocableHandlerMethod.doInvoke(InvocableHandlerMethod.java:258)
	at org.springframework.web.method.support.InvocableHandlerMethod.invokeForRequest(InvocableHandlerMethod.java:191)
	at org.springframework.web.servlet.mvc.method.annotation.ServletInvocableHandlerMethod.invokeAndHandle(ServletInvocableHandlerMethod.java:118)
	at org.springframework.web.servlet.mvc.method.annotation.RequestMappingHandlerAdapter.invokeHandlerMethod(RequestMappingHandlerAdapter.java:986)
	at org.springframework.web.servlet.mvc.method.annotation.RequestMappingHandlerAdapter.handleInternal(RequestMappingHandlerAdapter.java:891)
	at org.springframework.web.servlet.mvc.method.AbstractHandlerMethodAdapter.handle(AbstractHandlerMethodAdapter.java:87)
	at org.springframework.web.servlet.DispatcherServlet.doDispatch(DispatcherServlet.java:1089)
	at org.springframework.web.servlet.DispatcherServlet.doService(DispatcherServlet.java:979)
	at org.springframework.web.servlet.FrameworkServlet.processRequest(FrameworkServlet.java:1014)
	at org.springframework.web.servlet.FrameworkServlet.doGet(FrameworkServlet.java:903)
	at jakarta.servlet.http.HttpServlet.service(HttpServlet.java:564)
	at org.springframework.web.servlet.FrameworkServlet.service(FrameworkServlet.java:885)
	at org.springframework.test.web.servlet.TestDispatcherServlet.service(TestDispatcherServlet.java:72)
	at jakarta.servlet.http.HttpServlet.service(HttpServlet.java:658)
	at org.springframework.mock.web.MockFilterChain$ServletFilterProxy.doFilter(MockFilterChain.java:165)
	at org.springframework.mock.web.MockFilterChain.doFilter(MockFilterChain.java:132)
	at org.springframework.web.filter.OncePerRequestFilter.doFilter(OncePerRequestFilter.java:110)
	at org.springframework.test.web.servlet.setup.MockMvcFilterDecorator.doFilter(MockMvcFilterDecorator.java:162)
	at org.springframework.mock.web.MockFilterChain.doFilter(MockFilterChain.java:132)
	at org.springframework.web.filter.CompositeFilter$VirtualFilterChain.doFilter(CompositeFilter.java:108)
	at org.springframework.web.filter.CompositeFilter$VirtualFilterChain.doFilter(CompositeFilter.java:108)
	at org.springframework.security.web.FilterChainProxy.lambda$doFilterInternal$3(FilterChainProxy.java:231)
	at org.springframework.security.web.FilterChainProxy$VirtualFilterChain.doFilter(FilterChainProxy.java:365)
	at org.springframework.security.web.access.intercept.AuthorizationFilter.doFilter(AuthorizationFilter.java:101)
	at org.springframework.security.web.FilterChainProxy$VirtualFilterChain.doFilter(FilterChainProxy.java:374)
	at org.springframework.security.web.access.ExceptionTranslationFilter.doFilter(ExceptionTranslationFilter.java:125)
	at org.springframework.security.web.access.ExceptionTranslationFilter.doFilter(ExceptionTranslationFilter.java:119)
	at org.springframework.security.web.FilterChainProxy$VirtualFilterChain.doFilter(FilterChainProxy.java:374)
	at org.springframework.security.web.session.SessionManagementFilter.doFilter(SessionManagementFilter.java:131)
	at org.springframework.security.web.session.SessionManagementFilter.doFilter(SessionManagementFilter.java:85)
	at org.springframework.security.web.FilterChainProxy$VirtualFilterChain.doFilter(FilterChainProxy.java:374)
	at org.springframework.security.web.authentication.AnonymousAuthenticationFilter.doFilter(AnonymousAuthenticationFilter.java:100)
	at org.springframework.security.web.FilterChainProxy$VirtualFilterChain.doFilter(FilterChainProxy.java:374)
	at org.springframework.security.web.servletapi.SecurityContextHolderAwareRequestFilter.doFilter(SecurityContextHolderAwareRequestFilter.java:179)
	at org.springframework.security.web.FilterChainProxy$VirtualFilterChain.doFilter(FilterChainProxy.java:374)
	at org.springframework.security.web.savedrequest.RequestCacheAwareFilter.doFilter(RequestCacheAwareFilter.java:63)
	at org.springframework.security.web.FilterChainProxy$VirtualFilterChain.doFilter(FilterChainProxy.java:374)
	at org.springframework.security.web.authentication.www.BasicAuthenticationFilter.doFilterInternal(BasicAuthenticationFilter.java:181)
	at org.springframework.web.filter.OncePerRequestFilter.doFilter(OncePerRequestFilter.java:116)
	at org.springframework.security.web.FilterChainProxy$VirtualFilterChain.doFilter(FilterChainProxy.java:374)
	at de.telran.gardenStore.service.security.JwtAuthFilter.doFilterInternal(JwtAuthFilter.java:35)
	at org.springframework.web.filter.OncePerRequestFilter.doFilter(OncePerRequestFilter.java:116)
	at org.springframework.security.web.FilterChainProxy$VirtualFilterChain.doFilter(FilterChainProxy.java:374)
	at org.springframework.security.web.authentication.logout.LogoutFilter.doFilter(LogoutFilter.java:107)
	at org.springframework.security.web.authentication.logout.LogoutFilter.doFilter(LogoutFilter.java:93)
	at org.springframework.security.web.FilterChainProxy$VirtualFilterChain.doFilter(FilterChainProxy.java:374)
	at org.springframework.security.web.header.HeaderWriterFilter.doHeadersAfter(HeaderWriterFilter.java:90)
	at org.springframework.security.web.header.HeaderWriterFilter.doFilterInternal(HeaderWriterFilter.java:75)
	at org.springframework.web.filter.OncePerRequestFilter.doFilter(OncePerRequestFilter.java:116)
	at org.springframework.security.web.FilterChainProxy$VirtualFilterChain.doFilter(FilterChainProxy.java:374)
	at org.springframework.security.web.context.SecurityContextHolderFilter.doFilter(SecurityContextHolderFilter.java:82)
	at org.springframework.security.web.context.SecurityContextHolderFilter.doFilter(SecurityContextHolderFilter.java:69)
	at org.springframework.security.web.FilterChainProxy$VirtualFilterChain.doFilter(FilterChainProxy.java:374)
	at org.springframework.security.web.context.request.async.WebAsyncManagerIntegrationFilter.doFilterInternal(WebAsyncManagerIntegrationFilter.java:62)
	at org.springframework.web.filter.OncePerRequestFilter.doFilter(OncePerRequestFilter.java:116)
	at org.springframework.security.web.FilterChainProxy$VirtualFilterChain.doFilter(FilterChainProxy.java:374)
	at org.springframework.security.web.session.DisableEncodeUrlFilter.doFilterInternal(DisableEncodeUrlFilter.java:42)
	at org.springframework.web.filter.OncePerRequestFilter.doFilter(OncePerRequestFilter.java:116)
	at org.springframework.security.web.FilterChainProxy$VirtualFilterChain.doFilter(FilterChainProxy.java:374)
	at org.springframework.security.web.FilterChainProxy.doFilterInternal(FilterChainProxy.java:233)
	at org.springframework.security.web.FilterChainProxy.doFilter(FilterChainProxy.java:191)
	at org.springframework.web.filter.CompositeFilter$VirtualFilterChain.doFilter(CompositeFilter.java:113)
	at org.springframework.web.filter.ServletRequestPathFilter.doFilter(ServletRequestPathFilter.java:52)
	at org.springframework.web.filter.CompositeFilter$VirtualFilterChain.doFilter(CompositeFilter.java:113)
	at org.springframework.web.filter.CompositeFilter.doFilter(CompositeFilter.java:74)
	at org.springframework.security.config.annotation.web.configuration.WebSecurityConfiguration$CompositeFilterChainProxy.doFilter(WebSecurityConfiguration.java:319)
	at org.springframework.web.filter.CompositeFilter$VirtualFilterChain.doFilter(CompositeFilter.java:113)
	at org.springframework.web.servlet.handler.HandlerMappingIntrospector.lambda$createCacheFilter$4(HandlerMappingIntrospector.java:267)
	at org.springframework.web.filter.CompositeFilter$VirtualFilterChain.doFilter(CompositeFilter.java:113)
	at org.springframework.web.filter.CompositeFilter.doFilter(CompositeFilter.java:74)
	at org.springframework.security.config.annotation.web.configuration.WebMvcSecurityConfiguration$CompositeFilterChainProxy.doFilter(WebMvcSecurityConfiguration.java:240)
	at org.springframework.web.filter.DelegatingFilterProxy.invokeDelegate(DelegatingFilterProxy.java:362)
	at org.springframework.web.filter.DelegatingFilterProxy.doFilter(DelegatingFilterProxy.java:278)
	at org.springframework.test.web.servlet.setup.MockMvcFilterDecorator.doFilter(MockMvcFilterDecorator.java:162)
	at org.springframework.mock.web.MockFilterChain.doFilter(MockFilterChain.java:132)
	at org.springframework.web.filter.RequestContextFilter.doFilterInternal(RequestContextFilter.java:100)
	at org.springframework.web.filter.OncePerRequestFilter.doFilter(OncePerRequestFilter.java:116)
	at org.springframework.test.web.servlet.setup.MockMvcFilterDecorator.doFilter(MockMvcFilterDecorator.java:162)
	at org.springframework.mock.web.MockFilterChain.doFilter(MockFilterChain.java:132)
	at org.springframework.web.filter.FormContentFilter.doFilterInternal(FormContentFilter.java:93)
	at org.springframework.web.filter.OncePerRequestFilter.doFilter(OncePerRequestFilter.java:116)
	at org.springframework.test.web.servlet.setup.MockMvcFilterDecorator.doFilter(MockMvcFilterDecorator.java:162)
	at org.springframework.mock.web.MockFilterChain.doFilter(MockFilterChain.java:132)
	at org.springframework.web.filter.CharacterEncodingFilter.doFilterInternal(CharacterEncodingFilter.java:201)
	at org.springframework.web.filter.OncePerRequestFilter.doFilter(OncePerRequestFilter.java:116)
	at org.springframework.test.web.servlet.setup.MockMvcFilterDecorator.doFilter(MockMvcFilterDecorator.java:162)
	at org.springframework.mock.web.MockFilterChain.doFilter(MockFilterChain.java:132)
	at org.springframework.test.web.servlet.MockMvc.perform(MockMvc.java:201)
	at de.telran.gardenStore.integration.ProductIntegrationTest.getAllInvalidSortByBadRequest(ProductIntegrationTest.java:99)
	at java.base/jdk.internal.reflect.DirectMethodHandleAccessor.invoke(DirectMethodHandleAccessor.java:104)
	at java.base/java.lang.reflect.Method.invoke(Method.java:565)
	at org.junit.platform.commons.util.ReflectionUtils.invokeMethod(ReflectionUtils.java:775)
	at org.junit.platform.commons.support.ReflectionSupport.invokeMethod(ReflectionSupport.java:479)
	at org.junit.jupiter.engine.execution.MethodInvocation.proceed(MethodInvocation.java:60)
	at org.junit.jupiter.engine.execution.InvocationInterceptorChain$ValidatingInvocation.proceed(InvocationInterceptorChain.java:131)
	at org.junit.jupiter.engine.extension.TimeoutExtension.intercept(TimeoutExtension.java:161)
	at org.junit.jupiter.engine.extension.TimeoutExtension.interceptTestableMethod(TimeoutExtension.java:152)
	at org.junit.jupiter.engine.extension.TimeoutExtension.interceptTestMethod(TimeoutExtension.java:91)
	at org.junit.jupiter.engine.execution.InterceptingExecutableInvoker$ReflectiveInterceptorCall.lambda$ofVoidMethod$0(InterceptingExecutableInvoker.java:112)
	at org.junit.jupiter.engine.execution.InterceptingExecutableInvoker.lambda$invoke$0(InterceptingExecutableInvoker.java:94)
	at org.junit.jupiter.engine.execution.InvocationInterceptorChain$InterceptedInvocation.proceed(InvocationInterceptorChain.java:106)
	at org.junit.jupiter.engine.execution.InvocationInterceptorChain.proceed(InvocationInterceptorChain.java:64)
	at org.junit.jupiter.engine.execution.InvocationInterceptorChain.chainAndInvoke(InvocationInterceptorChain.java:45)
	at org.junit.jupiter.engine.execution.InvocationInterceptorChain.invoke(InvocationInterceptorChain.java:37)
	at org.junit.jupiter.engine.execution.InterceptingExecutableInvoker.invoke(InterceptingExecutableInvoker.java:93)
	at org.junit.jupiter.engine.execution.InterceptingExecutableInvoker.invoke(InterceptingExecutableInvoker.java:87)
	at org.junit.jupiter.engine.descriptor.TestMethodTestDescriptor.lambda$invokeTestMethod$7(TestMethodTestDescriptor.java:216)
	at org.junit.platform.engine.support.hierarchical.ThrowableCollector.execute(ThrowableCollector.java:73)
	at org.junit.jupiter.engine.descriptor.TestMethodTestDescriptor.invokeTestMethod(TestMethodTestDescriptor.java:212)
	at org.junit.jupiter.engine.descriptor.TestMethodTestDescriptor.execute(TestMethodTestDescriptor.java:137)
	at org.junit.jupiter.engine.descriptor.TestMethodTestDescriptor.execute(TestMethodTestDescriptor.java:69)
	at org.junit.platform.engine.support.hierarchical.NodeTestTask.lambda$executeRecursively$6(NodeTestTask.java:156)
	at org.junit.platform.engine.support.hierarchical.ThrowableCollector.execute(ThrowableCollector.java:73)
	at org.junit.platform.engine.support.hierarchical.NodeTestTask.lambda$executeRecursively$8(NodeTestTask.java:146)
	at org.junit.platform.engine.support.hierarchical.Node.around(Node.java:137)
	at org.junit.platform.engine.support.hierarchical.NodeTestTask.lambda$executeRecursively$9(NodeTestTask.java:144)
	at org.junit.platform.engine.support.hierarchical.ThrowableCollector.execute(ThrowableCollector.java:73)
	at org.junit.platform.engine.support.hierarchical.NodeTestTask.executeRecursively(NodeTestTask.java:143)
	at org.junit.platform.engine.support.hierarchical.NodeTestTask.execute(NodeTestTask.java:100)
	at java.base/java.util.ArrayList.forEach(ArrayList.java:1604)
	at org.junit.platform.engine.support.hierarchical.SameThreadHierarchicalTestExecutorService.invokeAll(SameThreadHierarchicalTestExecutorService.java:41)
	at org.junit.platform.engine.support.hierarchical.NodeTestTask.lambda$executeRecursively$6(NodeTestTask.java:160)
	at org.junit.platform.engine.support.hierarchical.ThrowableCollector.execute(ThrowableCollector.java:73)
	at org.junit.platform.engine.support.hierarchical.NodeTestTask.lambda$executeRecursively$8(NodeTestTask.java:146)
	at org.junit.platform.engine.support.hierarchical.Node.around(Node.java:137)
	at org.junit.platform.engine.support.hierarchical.NodeTestTask.lambda$executeRecursively$9(NodeTestTask.java:144)
	at org.junit.platform.engine.support.hierarchical.ThrowableCollector.execute(ThrowableCollector.java:73)
	at org.junit.platform.engine.support.hierarchical.NodeTestTask.executeRecursively(NodeTestTask.java:143)
	at org.junit.platform.engine.support.hierarchical.NodeTestTask.execute(NodeTestTask.java:100)
	at java.base/java.util.ArrayList.forEach(ArrayList.java:1604)
	at org.junit.platform.engine.support.hierarchical.SameThreadHierarchicalTestExecutorService.invokeAll(SameThreadHierarchicalTestExecutorService.java:41)
	at org.junit.platform.engine.support.hierarchical.NodeTestTask.lambda$executeRecursively$6(NodeTestTask.java:160)
	at org.junit.platform.engine.support.hierarchical.ThrowableCollector.execute(ThrowableCollector.java:73)
	at org.junit.platform.engine.support.hierarchical.NodeTestTask.lambda$executeRecursively$8(NodeTestTask.java:146)
	at org.junit.platform.engine.support.hierarchical.Node.around(Node.java:137)
	at org.junit.platform.engine.support.hierarchical.NodeTestTask.lambda$executeRecursively$9(NodeTestTask.java:144)
	at org.junit.platform.engine.support.hierarchical.ThrowableCollector.execute(ThrowableCollector.java:73)
	at org.junit.platform.engine.support.hierarchical.NodeTestTask.executeRecursively(NodeTestTask.java:143)
	at org.junit.platform.engine.support.hierarchical.NodeTestTask.execute(NodeTestTask.java:100)
	at org.junit.platform.engine.support.hierarchical.SameThreadHierarchicalTestExecutorService.submit(SameThreadHierarchicalTestExecutorService.java:35)
	at org.junit.platform.engine.support.hierarchical.HierarchicalTestExecutor.execute(HierarchicalTestExecutor.java:57)
	at org.junit.platform.engine.support.hierarchical.HierarchicalTestEngine.execute(HierarchicalTestEngine.java:54)
	at org.junit.platform.launcher.core.EngineExecutionOrchestrator.execute(EngineExecutionOrchestrator.java:201)
	at org.junit.platform.launcher.core.EngineExecutionOrchestrator.execute(EngineExecutionOrchestrator.java:170)
	at org.junit.platform.launcher.core.EngineExecutionOrchestrator.execute(EngineExecutionOrchestrator.java:94)
	at org.junit.platform.launcher.core.EngineExecutionOrchestrator.lambda$execute$0(EngineExecutionOrchestrator.java:59)
	at org.junit.platform.launcher.core.EngineExecutionOrchestrator.withInterceptedStreams(EngineExecutionOrchestrator.java:142)
	at org.junit.platform.launcher.core.EngineExecutionOrchestrator.execute(EngineExecutionOrchestrator.java:58)
	at org.junit.platform.launcher.core.DefaultLauncher.execute(DefaultLauncher.java:103)
	at org.junit.platform.launcher.core.DefaultLauncher.execute(DefaultLauncher.java:85)
	at org.junit.platform.launcher.core.DelegatingLauncher.execute(DelegatingLauncher.java:47)
	at org.junit.platform.launcher.core.InterceptingLauncher.lambda$execute$1(InterceptingLauncher.java:39)
	at org.junit.platform.launcher.core.ClasspathAlignmentCheckingLauncherInterceptor.intercept(ClasspathAlignmentCheckingLauncherInterceptor.java:25)
	at org.junit.platform.launcher.core.InterceptingLauncher.execute(InterceptingLauncher.java:38)
	at org.junit.platform.launcher.core.DelegatingLauncher.execute(DelegatingLauncher.java:47)
	at org.junit.platform.launcher.core.SessionPerRequestLauncher.execute(SessionPerRequestLauncher.java:63)
	at com.intellij.junit5.JUnit5IdeaTestRunner.startRunnerWithArgs(JUnit5IdeaTestRunner.java:57)
	at com.intellij.rt.junit.IdeaTestRunner$Repeater$1.execute(IdeaTestRunner.java:38)
	at com.intellij.rt.execution.junit.TestsRepeater.repeat(TestsRepeater.java:11)
	at com.intellij.rt.junit.IdeaTestRunner$Repeater.startRunnerWithArgs(IdeaTestRunner.java:35)
	at com.intellij.rt.junit.JUnitStarter.prepareStreamsAndStart(JUnitStarter.java:231)
	at com.intellij.rt.junit.JUnitStarter.main(JUnitStarter.java:55)
2025-08-14 11:16:36 ERROR [main] d.t.g.handler.GlobalExceptionHandler - Product with id 999 not found
de.telran.gardenStore.exception.ProductNotFoundException: Product with id 999 not found
	at de.telran.gardenStore.service.ProductServiceImpl.lambda$getById$0(ProductServiceImpl.java:79)
	at java.base/java.util.Optional.orElseThrow(Optional.java:403)
	at de.telran.gardenStore.service.ProductServiceImpl.getById(ProductServiceImpl.java:79)
	at de.telran.gardenStore.controller.ProductControllerImpl.getById(ProductControllerImpl.java:56)
	at java.base/jdk.internal.reflect.DirectMethodHandleAccessor.invoke(DirectMethodHandleAccessor.java:104)
	at java.base/java.lang.reflect.Method.invoke(Method.java:565)
	at org.springframework.aop.support.AopUtils.invokeJoinpointUsingReflection(AopUtils.java:359)
	at org.springframework.aop.framework.ReflectiveMethodInvocation.invokeJoinpoint(ReflectiveMethodInvocation.java:196)
	at org.springframework.aop.framework.ReflectiveMethodInvocation.proceed(ReflectiveMethodInvocation.java:163)
	at org.springframework.validation.beanvalidation.MethodValidationInterceptor.invoke(MethodValidationInterceptor.java:174)
	at org.springframework.aop.framework.ReflectiveMethodInvocation.proceed(ReflectiveMethodInvocation.java:184)
	at org.springframework.aop.framework.CglibAopProxy$DynamicAdvisedInterceptor.intercept(CglibAopProxy.java:728)
	at de.telran.gardenStore.controller.ProductControllerImpl$$SpringCGLIB$$0.getById(<generated>)
	at java.base/jdk.internal.reflect.DirectMethodHandleAccessor.invoke(DirectMethodHandleAccessor.java:104)
	at java.base/java.lang.reflect.Method.invoke(Method.java:565)
	at org.springframework.web.method.support.InvocableHandlerMethod.doInvoke(InvocableHandlerMethod.java:258)
	at org.springframework.web.method.support.InvocableHandlerMethod.invokeForRequest(InvocableHandlerMethod.java:191)
	at org.springframework.web.servlet.mvc.method.annotation.ServletInvocableHandlerMethod.invokeAndHandle(ServletInvocableHandlerMethod.java:118)
	at org.springframework.web.servlet.mvc.method.annotation.RequestMappingHandlerAdapter.invokeHandlerMethod(RequestMappingHandlerAdapter.java:986)
	at org.springframework.web.servlet.mvc.method.annotation.RequestMappingHandlerAdapter.handleInternal(RequestMappingHandlerAdapter.java:891)
	at org.springframework.web.servlet.mvc.method.AbstractHandlerMethodAdapter.handle(AbstractHandlerMethodAdapter.java:87)
	at org.springframework.web.servlet.DispatcherServlet.doDispatch(DispatcherServlet.java:1089)
	at org.springframework.web.servlet.DispatcherServlet.doService(DispatcherServlet.java:979)
	at org.springframework.web.servlet.FrameworkServlet.processRequest(FrameworkServlet.java:1014)
	at org.springframework.web.servlet.FrameworkServlet.doGet(FrameworkServlet.java:903)
	at jakarta.servlet.http.HttpServlet.service(HttpServlet.java:564)
	at org.springframework.web.servlet.FrameworkServlet.service(FrameworkServlet.java:885)
	at org.springframework.test.web.servlet.TestDispatcherServlet.service(TestDispatcherServlet.java:72)
	at jakarta.servlet.http.HttpServlet.service(HttpServlet.java:658)
	at org.springframework.mock.web.MockFilterChain$ServletFilterProxy.doFilter(MockFilterChain.java:165)
	at org.springframework.mock.web.MockFilterChain.doFilter(MockFilterChain.java:132)
	at org.springframework.web.filter.OncePerRequestFilter.doFilter(OncePerRequestFilter.java:110)
	at org.springframework.test.web.servlet.setup.MockMvcFilterDecorator.doFilter(MockMvcFilterDecorator.java:162)
	at org.springframework.mock.web.MockFilterChain.doFilter(MockFilterChain.java:132)
	at org.springframework.web.filter.CompositeFilter$VirtualFilterChain.doFilter(CompositeFilter.java:108)
	at org.springframework.web.filter.CompositeFilter$VirtualFilterChain.doFilter(CompositeFilter.java:108)
	at org.springframework.security.web.FilterChainProxy.lambda$doFilterInternal$3(FilterChainProxy.java:231)
	at org.springframework.security.web.FilterChainProxy$VirtualFilterChain.doFilter(FilterChainProxy.java:365)
	at org.springframework.security.web.access.intercept.AuthorizationFilter.doFilter(AuthorizationFilter.java:101)
	at org.springframework.security.web.FilterChainProxy$VirtualFilterChain.doFilter(FilterChainProxy.java:374)
	at org.springframework.security.web.access.ExceptionTranslationFilter.doFilter(ExceptionTranslationFilter.java:125)
	at org.springframework.security.web.access.ExceptionTranslationFilter.doFilter(ExceptionTranslationFilter.java:119)
	at org.springframework.security.web.FilterChainProxy$VirtualFilterChain.doFilter(FilterChainProxy.java:374)
	at org.springframework.security.web.session.SessionManagementFilter.doFilter(SessionManagementFilter.java:131)
	at org.springframework.security.web.session.SessionManagementFilter.doFilter(SessionManagementFilter.java:85)
	at org.springframework.security.web.FilterChainProxy$VirtualFilterChain.doFilter(FilterChainProxy.java:374)
	at org.springframework.security.web.authentication.AnonymousAuthenticationFilter.doFilter(AnonymousAuthenticationFilter.java:100)
	at org.springframework.security.web.FilterChainProxy$VirtualFilterChain.doFilter(FilterChainProxy.java:374)
	at org.springframework.security.web.servletapi.SecurityContextHolderAwareRequestFilter.doFilter(SecurityContextHolderAwareRequestFilter.java:179)
	at org.springframework.security.web.FilterChainProxy$VirtualFilterChain.doFilter(FilterChainProxy.java:374)
	at org.springframework.security.web.savedrequest.RequestCacheAwareFilter.doFilter(RequestCacheAwareFilter.java:63)
	at org.springframework.security.web.FilterChainProxy$VirtualFilterChain.doFilter(FilterChainProxy.java:374)
	at org.springframework.security.web.authentication.www.BasicAuthenticationFilter.doFilterInternal(BasicAuthenticationFilter.java:181)
	at org.springframework.web.filter.OncePerRequestFilter.doFilter(OncePerRequestFilter.java:116)
	at org.springframework.security.web.FilterChainProxy$VirtualFilterChain.doFilter(FilterChainProxy.java:374)
	at de.telran.gardenStore.service.security.JwtAuthFilter.doFilterInternal(JwtAuthFilter.java:35)
	at org.springframework.web.filter.OncePerRequestFilter.doFilter(OncePerRequestFilter.java:116)
	at org.springframework.security.web.FilterChainProxy$VirtualFilterChain.doFilter(FilterChainProxy.java:374)
	at org.springframework.security.web.authentication.logout.LogoutFilter.doFilter(LogoutFilter.java:107)
	at org.springframework.security.web.authentication.logout.LogoutFilter.doFilter(LogoutFilter.java:93)
	at org.springframework.security.web.FilterChainProxy$VirtualFilterChain.doFilter(FilterChainProxy.java:374)
	at org.springframework.security.web.header.HeaderWriterFilter.doHeadersAfter(HeaderWriterFilter.java:90)
	at org.springframework.security.web.header.HeaderWriterFilter.doFilterInternal(HeaderWriterFilter.java:75)
	at org.springframework.web.filter.OncePerRequestFilter.doFilter(OncePerRequestFilter.java:116)
	at org.springframework.security.web.FilterChainProxy$VirtualFilterChain.doFilter(FilterChainProxy.java:374)
	at org.springframework.security.web.context.SecurityContextHolderFilter.doFilter(SecurityContextHolderFilter.java:82)
	at org.springframework.security.web.context.SecurityContextHolderFilter.doFilter(SecurityContextHolderFilter.java:69)
	at org.springframework.security.web.FilterChainProxy$VirtualFilterChain.doFilter(FilterChainProxy.java:374)
	at org.springframework.security.web.context.request.async.WebAsyncManagerIntegrationFilter.doFilterInternal(WebAsyncManagerIntegrationFilter.java:62)
	at org.springframework.web.filter.OncePerRequestFilter.doFilter(OncePerRequestFilter.java:116)
	at org.springframework.security.web.FilterChainProxy$VirtualFilterChain.doFilter(FilterChainProxy.java:374)
	at org.springframework.security.web.session.DisableEncodeUrlFilter.doFilterInternal(DisableEncodeUrlFilter.java:42)
	at org.springframework.web.filter.OncePerRequestFilter.doFilter(OncePerRequestFilter.java:116)
	at org.springframework.security.web.FilterChainProxy$VirtualFilterChain.doFilter(FilterChainProxy.java:374)
	at org.springframework.security.web.FilterChainProxy.doFilterInternal(FilterChainProxy.java:233)
	at org.springframework.security.web.FilterChainProxy.doFilter(FilterChainProxy.java:191)
	at org.springframework.web.filter.CompositeFilter$VirtualFilterChain.doFilter(CompositeFilter.java:113)
	at org.springframework.web.filter.ServletRequestPathFilter.doFilter(ServletRequestPathFilter.java:52)
	at org.springframework.web.filter.CompositeFilter$VirtualFilterChain.doFilter(CompositeFilter.java:113)
	at org.springframework.web.filter.CompositeFilter.doFilter(CompositeFilter.java:74)
	at org.springframework.security.config.annotation.web.configuration.WebSecurityConfiguration$CompositeFilterChainProxy.doFilter(WebSecurityConfiguration.java:319)
	at org.springframework.web.filter.CompositeFilter$VirtualFilterChain.doFilter(CompositeFilter.java:113)
	at org.springframework.web.servlet.handler.HandlerMappingIntrospector.lambda$createCacheFilter$4(HandlerMappingIntrospector.java:267)
	at org.springframework.web.filter.CompositeFilter$VirtualFilterChain.doFilter(CompositeFilter.java:113)
	at org.springframework.web.filter.CompositeFilter.doFilter(CompositeFilter.java:74)
	at org.springframework.security.config.annotation.web.configuration.WebMvcSecurityConfiguration$CompositeFilterChainProxy.doFilter(WebMvcSecurityConfiguration.java:240)
	at org.springframework.web.filter.DelegatingFilterProxy.invokeDelegate(DelegatingFilterProxy.java:362)
	at org.springframework.web.filter.DelegatingFilterProxy.doFilter(DelegatingFilterProxy.java:278)
	at org.springframework.test.web.servlet.setup.MockMvcFilterDecorator.doFilter(MockMvcFilterDecorator.java:162)
	at org.springframework.mock.web.MockFilterChain.doFilter(MockFilterChain.java:132)
	at org.springframework.web.filter.RequestContextFilter.doFilterInternal(RequestContextFilter.java:100)
	at org.springframework.web.filter.OncePerRequestFilter.doFilter(OncePerRequestFilter.java:116)
	at org.springframework.test.web.servlet.setup.MockMvcFilterDecorator.doFilter(MockMvcFilterDecorator.java:162)
	at org.springframework.mock.web.MockFilterChain.doFilter(MockFilterChain.java:132)
	at org.springframework.web.filter.FormContentFilter.doFilterInternal(FormContentFilter.java:93)
	at org.springframework.web.filter.OncePerRequestFilter.doFilter(OncePerRequestFilter.java:116)
	at org.springframework.test.web.servlet.setup.MockMvcFilterDecorator.doFilter(MockMvcFilterDecorator.java:162)
	at org.springframework.mock.web.MockFilterChain.doFilter(MockFilterChain.java:132)
	at org.springframework.web.filter.CharacterEncodingFilter.doFilterInternal(CharacterEncodingFilter.java:201)
	at org.springframework.web.filter.OncePerRequestFilter.doFilter(OncePerRequestFilter.java:116)
	at org.springframework.test.web.servlet.setup.MockMvcFilterDecorator.doFilter(MockMvcFilterDecorator.java:162)
	at org.springframework.mock.web.MockFilterChain.doFilter(MockFilterChain.java:132)
	at org.springframework.test.web.servlet.MockMvc.perform(MockMvc.java:201)
	at de.telran.gardenStore.integration.ProductIntegrationTest.getByIdNegativeCase(ProductIntegrationTest.java:223)
	at java.base/jdk.internal.reflect.DirectMethodHandleAccessor.invoke(DirectMethodHandleAccessor.java:104)
	at java.base/java.lang.reflect.Method.invoke(Method.java:565)
	at org.junit.platform.commons.util.ReflectionUtils.invokeMethod(ReflectionUtils.java:775)
	at org.junit.platform.commons.support.ReflectionSupport.invokeMethod(ReflectionSupport.java:479)
	at org.junit.jupiter.engine.execution.MethodInvocation.proceed(MethodInvocation.java:60)
	at org.junit.jupiter.engine.execution.InvocationInterceptorChain$ValidatingInvocation.proceed(InvocationInterceptorChain.java:131)
	at org.junit.jupiter.engine.extension.TimeoutExtension.intercept(TimeoutExtension.java:161)
	at org.junit.jupiter.engine.extension.TimeoutExtension.interceptTestableMethod(TimeoutExtension.java:152)
	at org.junit.jupiter.engine.extension.TimeoutExtension.interceptTestMethod(TimeoutExtension.java:91)
	at org.junit.jupiter.engine.execution.InterceptingExecutableInvoker$ReflectiveInterceptorCall.lambda$ofVoidMethod$0(InterceptingExecutableInvoker.java:112)
	at org.junit.jupiter.engine.execution.InterceptingExecutableInvoker.lambda$invoke$0(InterceptingExecutableInvoker.java:94)
	at org.junit.jupiter.engine.execution.InvocationInterceptorChain$InterceptedInvocation.proceed(InvocationInterceptorChain.java:106)
	at org.junit.jupiter.engine.execution.InvocationInterceptorChain.proceed(InvocationInterceptorChain.java:64)
	at org.junit.jupiter.engine.execution.InvocationInterceptorChain.chainAndInvoke(InvocationInterceptorChain.java:45)
	at org.junit.jupiter.engine.execution.InvocationInterceptorChain.invoke(InvocationInterceptorChain.java:37)
	at org.junit.jupiter.engine.execution.InterceptingExecutableInvoker.invoke(InterceptingExecutableInvoker.java:93)
	at org.junit.jupiter.engine.execution.InterceptingExecutableInvoker.invoke(InterceptingExecutableInvoker.java:87)
	at org.junit.jupiter.engine.descriptor.TestMethodTestDescriptor.lambda$invokeTestMethod$7(TestMethodTestDescriptor.java:216)
	at org.junit.platform.engine.support.hierarchical.ThrowableCollector.execute(ThrowableCollector.java:73)
	at org.junit.jupiter.engine.descriptor.TestMethodTestDescriptor.invokeTestMethod(TestMethodTestDescriptor.java:212)
	at org.junit.jupiter.engine.descriptor.TestMethodTestDescriptor.execute(TestMethodTestDescriptor.java:137)
	at org.junit.jupiter.engine.descriptor.TestMethodTestDescriptor.execute(TestMethodTestDescriptor.java:69)
	at org.junit.platform.engine.support.hierarchical.NodeTestTask.lambda$executeRecursively$6(NodeTestTask.java:156)
	at org.junit.platform.engine.support.hierarchical.ThrowableCollector.execute(ThrowableCollector.java:73)
	at org.junit.platform.engine.support.hierarchical.NodeTestTask.lambda$executeRecursively$8(NodeTestTask.java:146)
	at org.junit.platform.engine.support.hierarchical.Node.around(Node.java:137)
	at org.junit.platform.engine.support.hierarchical.NodeTestTask.lambda$executeRecursively$9(NodeTestTask.java:144)
	at org.junit.platform.engine.support.hierarchical.ThrowableCollector.execute(ThrowableCollector.java:73)
	at org.junit.platform.engine.support.hierarchical.NodeTestTask.executeRecursively(NodeTestTask.java:143)
	at org.junit.platform.engine.support.hierarchical.NodeTestTask.execute(NodeTestTask.java:100)
	at java.base/java.util.ArrayList.forEach(ArrayList.java:1604)
	at org.junit.platform.engine.support.hierarchical.SameThreadHierarchicalTestExecutorService.invokeAll(SameThreadHierarchicalTestExecutorService.java:41)
	at org.junit.platform.engine.support.hierarchical.NodeTestTask.lambda$executeRecursively$6(NodeTestTask.java:160)
	at org.junit.platform.engine.support.hierarchical.ThrowableCollector.execute(ThrowableCollector.java:73)
	at org.junit.platform.engine.support.hierarchical.NodeTestTask.lambda$executeRecursively$8(NodeTestTask.java:146)
	at org.junit.platform.engine.support.hierarchical.Node.around(Node.java:137)
	at org.junit.platform.engine.support.hierarchical.NodeTestTask.lambda$executeRecursively$9(NodeTestTask.java:144)
	at org.junit.platform.engine.support.hierarchical.ThrowableCollector.execute(ThrowableCollector.java:73)
	at org.junit.platform.engine.support.hierarchical.NodeTestTask.executeRecursively(NodeTestTask.java:143)
	at org.junit.platform.engine.support.hierarchical.NodeTestTask.execute(NodeTestTask.java:100)
	at java.base/java.util.ArrayList.forEach(ArrayList.java:1604)
	at org.junit.platform.engine.support.hierarchical.SameThreadHierarchicalTestExecutorService.invokeAll(SameThreadHierarchicalTestExecutorService.java:41)
	at org.junit.platform.engine.support.hierarchical.NodeTestTask.lambda$executeRecursively$6(NodeTestTask.java:160)
	at org.junit.platform.engine.support.hierarchical.ThrowableCollector.execute(ThrowableCollector.java:73)
	at org.junit.platform.engine.support.hierarchical.NodeTestTask.lambda$executeRecursively$8(NodeTestTask.java:146)
	at org.junit.platform.engine.support.hierarchical.Node.around(Node.java:137)
	at org.junit.platform.engine.support.hierarchical.NodeTestTask.lambda$executeRecursively$9(NodeTestTask.java:144)
	at org.junit.platform.engine.support.hierarchical.ThrowableCollector.execute(ThrowableCollector.java:73)
	at org.junit.platform.engine.support.hierarchical.NodeTestTask.executeRecursively(NodeTestTask.java:143)
	at org.junit.platform.engine.support.hierarchical.NodeTestTask.execute(NodeTestTask.java:100)
	at org.junit.platform.engine.support.hierarchical.SameThreadHierarchicalTestExecutorService.submit(SameThreadHierarchicalTestExecutorService.java:35)
	at org.junit.platform.engine.support.hierarchical.HierarchicalTestExecutor.execute(HierarchicalTestExecutor.java:57)
	at org.junit.platform.engine.support.hierarchical.HierarchicalTestEngine.execute(HierarchicalTestEngine.java:54)
	at org.junit.platform.launcher.core.EngineExecutionOrchestrator.execute(EngineExecutionOrchestrator.java:201)
	at org.junit.platform.launcher.core.EngineExecutionOrchestrator.execute(EngineExecutionOrchestrator.java:170)
	at org.junit.platform.launcher.core.EngineExecutionOrchestrator.execute(EngineExecutionOrchestrator.java:94)
	at org.junit.platform.launcher.core.EngineExecutionOrchestrator.lambda$execute$0(EngineExecutionOrchestrator.java:59)
	at org.junit.platform.launcher.core.EngineExecutionOrchestrator.withInterceptedStreams(EngineExecutionOrchestrator.java:142)
	at org.junit.platform.launcher.core.EngineExecutionOrchestrator.execute(EngineExecutionOrchestrator.java:58)
	at org.junit.platform.launcher.core.DefaultLauncher.execute(DefaultLauncher.java:103)
	at org.junit.platform.launcher.core.DefaultLauncher.execute(DefaultLauncher.java:85)
	at org.junit.platform.launcher.core.DelegatingLauncher.execute(DelegatingLauncher.java:47)
	at org.junit.platform.launcher.core.InterceptingLauncher.lambda$execute$1(InterceptingLauncher.java:39)
	at org.junit.platform.launcher.core.ClasspathAlignmentCheckingLauncherInterceptor.intercept(ClasspathAlignmentCheckingLauncherInterceptor.java:25)
	at org.junit.platform.launcher.core.InterceptingLauncher.execute(InterceptingLauncher.java:38)
	at org.junit.platform.launcher.core.DelegatingLauncher.execute(DelegatingLauncher.java:47)
	at org.junit.platform.launcher.core.SessionPerRequestLauncher.execute(SessionPerRequestLauncher.java:63)
	at com.intellij.junit5.JUnit5IdeaTestRunner.startRunnerWithArgs(JUnit5IdeaTestRunner.java:57)
	at com.intellij.rt.junit.IdeaTestRunner$Repeater$1.execute(IdeaTestRunner.java:38)
	at com.intellij.rt.execution.junit.TestsRepeater.repeat(TestsRepeater.java:11)
	at com.intellij.rt.junit.IdeaTestRunner$Repeater.startRunnerWithArgs(IdeaTestRunner.java:35)
	at com.intellij.rt.junit.JUnitStarter.prepareStreamsAndStart(JUnitStarter.java:231)
	at com.intellij.rt.junit.JUnitStarter.main(JUnitStarter.java:55)
2025-08-14 11:16:36 INFO  [SpringApplicationShutdownHook] o.s.o.j.LocalContainerEntityManagerFactoryBean - Closing JPA EntityManagerFactory for persistence unit 'default'
2025-08-14 11:16:36 INFO  [SpringApplicationShutdownHook] com.zaxxer.hikari.HikariDataSource - HikariPool-1 - Shutdown initiated...
2025-08-14 11:16:36 INFO  [SpringApplicationShutdownHook] com.zaxxer.hikari.HikariDataSource - HikariPool-1 - Shutdown completed.
2026-01-13 18:54:27 INFO  [background-preinit] o.h.validator.internal.util.Version - HV000001: Hibernate Validator 8.0.2.Final
2026-01-13 18:54:27 INFO  [main] d.t.g.GardenStoreApplication - Starting GardenStoreApplication using Java 21.0.7 with PID 30463 (/Users/nkond/IdeaProjects/gardenStore/target/classes started by nkond in /Users/nkond/IdeaProjects/gardenStore)
2026-01-13 18:54:27 INFO  [main] d.t.g.GardenStoreApplication - No active profile set, falling back to 1 default profile: "default"
2026-01-13 18:54:27 INFO  [main] o.s.d.r.c.RepositoryConfigurationDelegate - Bootstrapping Spring Data JPA repositories in DEFAULT mode.
2026-01-13 18:54:27 INFO  [main] o.s.d.r.c.RepositoryConfigurationDelegate - Finished Spring Data repository scanning in 38 ms. Found 7 JPA repository interfaces.
2026-01-13 18:54:28 INFO  [main] o.s.b.w.e.tomcat.TomcatWebServer - Tomcat initialized with port 8080 (http)
2026-01-13 18:54:28 INFO  [main] o.a.coyote.http11.Http11NioProtocol - Initializing ProtocolHandler ["http-nio-0.0.0.0-8080"]
2026-01-13 18:54:28 INFO  [main] o.a.catalina.core.StandardService - Starting service [Tomcat]
2026-01-13 18:54:28 INFO  [main] o.a.catalina.core.StandardEngine - Starting Servlet engine: [Apache Tomcat/10.1.42]
2026-01-13 18:54:28 INFO  [main] o.a.c.c.C.[Tomcat].[localhost].[/] - Initializing Spring embedded WebApplicationContext
2026-01-13 18:54:28 INFO  [main] o.s.b.w.s.c.ServletWebServerApplicationContext - Root WebApplicationContext: initialization completed in 956 ms
2026-01-13 18:54:28 INFO  [main] com.zaxxer.hikari.HikariDataSource - HikariPool-1 - Starting...
2026-01-13 18:54:28 INFO  [main] com.zaxxer.hikari.pool.HikariPool - HikariPool-1 - Added connection org.postgresql.jdbc.PgConnection@4a9b92c6
2026-01-13 18:54:28 INFO  [main] com.zaxxer.hikari.HikariDataSource - HikariPool-1 - Start completed.
2026-01-13 18:54:28 INFO  [main] liquibase.database - Set default schema name to public
2026-01-13 18:54:28 INFO  [main] liquibase.changelog - Reading from public.databasechangelog
2026-01-13 18:54:28 INFO  [main] liquibase.ui - Database is up to date, no changesets to execute
2026-01-13 18:54:28 INFO  [main] liquibase.changelog - Reading from public.databasechangelog
2026-01-13 18:54:28 INFO  [main] liquibase.util - UPDATE SUMMARY
2026-01-13 18:54:28 INFO  [main] liquibase.util - Run:                          0
2026-01-13 18:54:28 INFO  [main] liquibase.util - Previously run:              21
2026-01-13 18:54:28 INFO  [main] liquibase.util - Filtered out:                 0
2026-01-13 18:54:28 INFO  [main] liquibase.util - -------------------------------
2026-01-13 18:54:28 INFO  [main] liquibase.util - Total change sets:           21
2026-01-13 18:54:28 INFO  [main] liquibase.util - Update summary generated
2026-01-13 18:54:28 INFO  [main] liquibase.command - Command execution complete
2026-01-13 18:54:29 INFO  [main] o.h.jpa.internal.util.LogHelper - HHH000204: Processing PersistenceUnitInfo [name: default]
2026-01-13 18:54:29 INFO  [main] org.hibernate.Version - HHH000412: Hibernate ORM core version 6.6.18.Final
2026-01-13 18:54:29 INFO  [main] o.h.c.i.RegionFactoryInitiator - HHH000026: Second-level cache disabled
2026-01-13 18:54:29 INFO  [main] o.s.o.j.p.SpringPersistenceUnitInfo - No LoadTimeWeaver setup: ignoring JPA class transformer
2026-01-13 18:54:29 WARN  [main] org.hibernate.orm.deprecation - HHH90000025: PostgreSQLDialect does not need to be specified explicitly using 'hibernate.dialect' (remove the property setting and it will be selected by default)
2026-01-13 18:54:29 INFO  [main] o.hibernate.orm.connections.pooling - HHH10001005: Database info:
	Database JDBC URL [Connecting through datasource 'HikariDataSource (HikariPool-1)']
	Database driver: undefined/unknown
	Database version: 17.5
	Autocommit mode: undefined/unknown
	Isolation level: undefined/unknown
	Minimum pool size: undefined/unknown
	Maximum pool size: undefined/unknown
2026-01-13 18:54:30 INFO  [main] o.h.e.t.j.p.i.JtaPlatformInitiator - HHH000489: No JTA platform available (set 'hibernate.transaction.jta.platform' to enable JTA platform integration)
2026-01-13 18:54:30 INFO  [main] o.s.o.j.LocalContainerEntityManagerFactoryBean - Initialized JPA EntityManagerFactory for persistence unit 'default'
2026-01-13 18:54:30 INFO  [main] o.s.d.j.r.query.QueryEnhancerFactory - Hibernate is in classpath; If applicable, HQL parser will be used.
2026-01-13 18:54:30 DEBUG [main] d.t.g.service.security.JwtAuthFilter - Filter 'jwtAuthFilter' configured for use
2026-01-13 18:54:31 INFO  [main] o.s.s.c.a.a.c.InitializeUserDetailsBeanManagerConfigurer$InitializeUserDetailsManagerConfigurer - Global AuthenticationManager configured with UserDetailsService bean with name userDetailServiceImpl
2026-01-13 18:54:31 WARN  [main] o.s.b.a.o.j.JpaBaseConfiguration$JpaWebConfiguration - spring.jpa.open-in-view is enabled by default. Therefore, database queries may be performed during view rendering. Explicitly configure spring.jpa.open-in-view to disable this warning
2026-01-13 18:54:31 INFO  [main] o.a.coyote.http11.Http11NioProtocol - Starting ProtocolHandler ["http-nio-0.0.0.0-8080"]
2026-01-13 18:54:31 INFO  [main] o.s.b.w.e.tomcat.TomcatWebServer - Tomcat started on port 8080 (http) with context path '/'
2026-01-13 18:54:31 INFO  [main] d.t.g.GardenStoreApplication - Started GardenStoreApplication in 4.595 seconds (process running for 4.801)
2026-01-13 18:54:59 INFO  [SpringApplicationShutdownHook] o.s.b.w.e.tomcat.GracefulShutdown - Commencing graceful shutdown. Waiting for active requests to complete
2026-01-13 18:54:59 INFO  [tomcat-shutdown] o.s.b.w.e.tomcat.GracefulShutdown - Graceful shutdown complete
2026-01-13 18:54:59 INFO  [SpringApplicationShutdownHook] o.s.o.j.LocalContainerEntityManagerFactoryBean - Closing JPA EntityManagerFactory for persistence unit 'default'
2026-01-13 18:54:59 INFO  [SpringApplicationShutdownHook] com.zaxxer.hikari.HikariDataSource - HikariPool-1 - Shutdown initiated...
2026-01-13 18:54:59 INFO  [SpringApplicationShutdownHook] com.zaxxer.hikari.HikariDataSource - HikariPool-1 - Shutdown completed.
2026-01-13 18:55:01 INFO  [background-preinit] o.h.validator.internal.util.Version - HV000001: Hibernate Validator 8.0.2.Final
2026-01-13 18:55:01 INFO  [main] d.t.g.GardenStoreApplication - Starting GardenStoreApplication using Java 21.0.7 with PID 30493 (/Users/nkond/IdeaProjects/gardenStore/target/classes started by nkond in /Users/nkond/IdeaProjects/gardenStore)
2026-01-13 18:55:01 INFO  [main] d.t.g.GardenStoreApplication - No active profile set, falling back to 1 default profile: "default"
2026-01-13 18:55:01 INFO  [main] o.s.d.r.c.RepositoryConfigurationDelegate - Bootstrapping Spring Data JPA repositories in DEFAULT mode.
2026-01-13 18:55:02 INFO  [main] o.s.d.r.c.RepositoryConfigurationDelegate - Finished Spring Data repository scanning in 40 ms. Found 7 JPA repository interfaces.
2026-01-13 18:55:02 INFO  [main] o.s.b.w.e.tomcat.TomcatWebServer - Tomcat initialized with port 8080 (http)
2026-01-13 18:55:02 INFO  [main] o.a.coyote.http11.Http11NioProtocol - Initializing ProtocolHandler ["http-nio-0.0.0.0-8080"]
2026-01-13 18:55:02 INFO  [main] o.a.catalina.core.StandardService - Starting service [Tomcat]
2026-01-13 18:55:02 INFO  [main] o.a.catalina.core.StandardEngine - Starting Servlet engine: [Apache Tomcat/10.1.42]
2026-01-13 18:55:02 INFO  [main] o.a.c.c.C.[Tomcat].[localhost].[/] - Initializing Spring embedded WebApplicationContext
2026-01-13 18:55:02 INFO  [main] o.s.b.w.s.c.ServletWebServerApplicationContext - Root WebApplicationContext: initialization completed in 968 ms
2026-01-13 18:55:02 INFO  [main] com.zaxxer.hikari.HikariDataSource - HikariPool-1 - Starting...
2026-01-13 18:55:02 INFO  [main] com.zaxxer.hikari.pool.HikariPool - HikariPool-1 - Added connection org.postgresql.jdbc.PgConnection@628ba266
2026-01-13 18:55:02 INFO  [main] com.zaxxer.hikari.HikariDataSource - HikariPool-1 - Start completed.
2026-01-13 18:55:02 INFO  [main] liquibase.database - Set default schema name to public
2026-01-13 18:55:02 INFO  [main] liquibase.changelog - Reading from public.databasechangelog
2026-01-13 18:55:03 INFO  [main] liquibase.ui - Database is up to date, no changesets to execute
2026-01-13 18:55:03 INFO  [main] liquibase.changelog - Reading from public.databasechangelog
2026-01-13 18:55:03 INFO  [main] liquibase.util - UPDATE SUMMARY
2026-01-13 18:55:03 INFO  [main] liquibase.util - Run:                          0
2026-01-13 18:55:03 INFO  [main] liquibase.util - Previously run:              21
2026-01-13 18:55:03 INFO  [main] liquibase.util - Filtered out:                 0
2026-01-13 18:55:03 INFO  [main] liquibase.util - -------------------------------
2026-01-13 18:55:03 INFO  [main] liquibase.util - Total change sets:           21
2026-01-13 18:55:03 INFO  [main] liquibase.util - Update summary generated
2026-01-13 18:55:03 INFO  [main] liquibase.command - Command execution complete
2026-01-13 18:55:03 INFO  [main] o.h.jpa.internal.util.LogHelper - HHH000204: Processing PersistenceUnitInfo [name: default]
2026-01-13 18:55:03 INFO  [main] org.hibernate.Version - HHH000412: Hibernate ORM core version 6.6.18.Final
2026-01-13 18:55:03 INFO  [main] o.h.c.i.RegionFactoryInitiator - HHH000026: Second-level cache disabled
2026-01-13 18:55:03 INFO  [main] o.s.o.j.p.SpringPersistenceUnitInfo - No LoadTimeWeaver setup: ignoring JPA class transformer
2026-01-13 18:55:03 WARN  [main] org.hibernate.orm.deprecation - HHH90000025: PostgreSQLDialect does not need to be specified explicitly using 'hibernate.dialect' (remove the property setting and it will be selected by default)
2026-01-13 18:55:03 INFO  [main] o.hibernate.orm.connections.pooling - HHH10001005: Database info:
	Database JDBC URL [Connecting through datasource 'HikariDataSource (HikariPool-1)']
	Database driver: undefined/unknown
	Database version: 17.5
	Autocommit mode: undefined/unknown
	Isolation level: undefined/unknown
	Minimum pool size: undefined/unknown
	Maximum pool size: undefined/unknown
2026-01-13 18:55:04 INFO  [main] o.h.e.t.j.p.i.JtaPlatformInitiator - HHH000489: No JTA platform available (set 'hibernate.transaction.jta.platform' to enable JTA platform integration)
2026-01-13 18:55:04 INFO  [main] o.s.o.j.LocalContainerEntityManagerFactoryBean - Initialized JPA EntityManagerFactory for persistence unit 'default'
2026-01-13 18:55:04 INFO  [main] o.s.d.j.r.query.QueryEnhancerFactory - Hibernate is in classpath; If applicable, HQL parser will be used.
2026-01-13 18:55:04 DEBUG [main] d.t.g.service.security.JwtAuthFilter - Filter 'jwtAuthFilter' configured for use
2026-01-13 18:55:04 INFO  [main] o.s.s.c.a.a.c.InitializeUserDetailsBeanManagerConfigurer$InitializeUserDetailsManagerConfigurer - Global AuthenticationManager configured with UserDetailsService bean with name userDetailServiceImpl
2026-01-13 18:55:04 WARN  [main] o.s.b.a.o.j.JpaBaseConfiguration$JpaWebConfiguration - spring.jpa.open-in-view is enabled by default. Therefore, database queries may be performed during view rendering. Explicitly configure spring.jpa.open-in-view to disable this warning
2026-01-13 18:55:05 INFO  [main] o.a.coyote.http11.Http11NioProtocol - Starting ProtocolHandler ["http-nio-0.0.0.0-8080"]
2026-01-13 18:55:05 INFO  [main] o.s.b.w.e.tomcat.TomcatWebServer - Tomcat started on port 8080 (http) with context path '/'
2026-01-13 18:55:05 INFO  [main] d.t.g.GardenStoreApplication - Started GardenStoreApplication in 4.159 seconds (process running for 4.368)
2026-01-13 18:55:09 INFO  [SpringApplicationShutdownHook] o.s.b.w.e.tomcat.GracefulShutdown - Commencing graceful shutdown. Waiting for active requests to complete
2026-01-13 18:55:09 INFO  [tomcat-shutdown] o.s.b.w.e.tomcat.GracefulShutdown - Graceful shutdown complete
2026-01-13 18:55:09 INFO  [SpringApplicationShutdownHook] o.s.o.j.LocalContainerEntityManagerFactoryBean - Closing JPA EntityManagerFactory for persistence unit 'default'
2026-01-13 18:55:09 INFO  [SpringApplicationShutdownHook] com.zaxxer.hikari.HikariDataSource - HikariPool-1 - Shutdown initiated...
2026-01-13 18:55:09 INFO  [SpringApplicationShutdownHook] com.zaxxer.hikari.HikariDataSource - HikariPool-1 - Shutdown completed.
2026-01-13 18:55:15 INFO  [background-preinit] o.h.validator.internal.util.Version - HV000001: Hibernate Validator 8.0.2.Final
2026-01-13 18:55:15 INFO  [main] d.t.g.GardenStoreApplication - Starting GardenStoreApplication using Java 21.0.7 with PID 30516 (/Users/nkond/IdeaProjects/gardenStore/target/classes started by nkond in /Users/nkond/IdeaProjects/gardenStore)
2026-01-13 18:55:15 INFO  [main] d.t.g.GardenStoreApplication - No active profile set, falling back to 1 default profile: "default"
2026-01-13 18:55:15 INFO  [main] o.s.d.r.c.RepositoryConfigurationDelegate - Bootstrapping Spring Data JPA repositories in DEFAULT mode.
2026-01-13 18:55:15 INFO  [main] o.s.d.r.c.RepositoryConfigurationDelegate - Finished Spring Data repository scanning in 61 ms. Found 7 JPA repository interfaces.
2026-01-13 18:55:16 INFO  [main] o.s.b.w.e.tomcat.TomcatWebServer - Tomcat initialized with port 8080 (http)
2026-01-13 18:55:16 INFO  [main] o.a.coyote.http11.Http11NioProtocol - Initializing ProtocolHandler ["http-nio-0.0.0.0-8080"]
2026-01-13 18:55:16 INFO  [main] o.a.catalina.core.StandardService - Starting service [Tomcat]
2026-01-13 18:55:16 INFO  [main] o.a.catalina.core.StandardEngine - Starting Servlet engine: [Apache Tomcat/10.1.42]
2026-01-13 18:55:16 INFO  [main] o.a.c.c.C.[Tomcat].[localhost].[/] - Initializing Spring embedded WebApplicationContext
2026-01-13 18:55:16 INFO  [main] o.s.b.w.s.c.ServletWebServerApplicationContext - Root WebApplicationContext: initialization completed in 940 ms
2026-01-13 18:55:16 INFO  [main] com.zaxxer.hikari.HikariDataSource - HikariPool-1 - Starting...
2026-01-13 18:55:16 INFO  [main] com.zaxxer.hikari.pool.HikariPool - HikariPool-1 - Added connection org.postgresql.jdbc.PgConnection@1231a1be
2026-01-13 18:55:16 INFO  [main] com.zaxxer.hikari.HikariDataSource - HikariPool-1 - Start completed.
2026-01-13 18:55:16 INFO  [main] liquibase.database - Set default schema name to public
2026-01-13 18:55:16 INFO  [main] liquibase.changelog - Reading from public.databasechangelog
2026-01-13 18:55:16 INFO  [main] liquibase.ui - Database is up to date, no changesets to execute
2026-01-13 18:55:16 INFO  [main] liquibase.changelog - Reading from public.databasechangelog
2026-01-13 18:55:16 INFO  [main] liquibase.util - UPDATE SUMMARY
2026-01-13 18:55:16 INFO  [main] liquibase.util - Run:                          0
2026-01-13 18:55:16 INFO  [main] liquibase.util - Previously run:              21
2026-01-13 18:55:16 INFO  [main] liquibase.util - Filtered out:                 0
2026-01-13 18:55:16 INFO  [main] liquibase.util - -------------------------------
2026-01-13 18:55:16 INFO  [main] liquibase.util - Total change sets:           21
2026-01-13 18:55:16 INFO  [main] liquibase.util - Update summary generated
2026-01-13 18:55:16 INFO  [main] liquibase.command - Command execution complete
2026-01-13 18:55:17 INFO  [main] o.h.jpa.internal.util.LogHelper - HHH000204: Processing PersistenceUnitInfo [name: default]
2026-01-13 18:55:17 INFO  [main] org.hibernate.Version - HHH000412: Hibernate ORM core version 6.6.18.Final
2026-01-13 18:55:17 INFO  [main] o.h.c.i.RegionFactoryInitiator - HHH000026: Second-level cache disabled
2026-01-13 18:55:17 INFO  [main] o.s.o.j.p.SpringPersistenceUnitInfo - No LoadTimeWeaver setup: ignoring JPA class transformer
2026-01-13 18:55:17 WARN  [main] org.hibernate.orm.deprecation - HHH90000025: PostgreSQLDialect does not need to be specified explicitly using 'hibernate.dialect' (remove the property setting and it will be selected by default)
2026-01-13 18:55:17 INFO  [main] o.hibernate.orm.connections.pooling - HHH10001005: Database info:
	Database JDBC URL [Connecting through datasource 'HikariDataSource (HikariPool-1)']
	Database driver: undefined/unknown
	Database version: 17.5
	Autocommit mode: undefined/unknown
	Isolation level: undefined/unknown
	Minimum pool size: undefined/unknown
	Maximum pool size: undefined/unknown
2026-01-13 18:55:18 INFO  [main] o.h.e.t.j.p.i.JtaPlatformInitiator - HHH000489: No JTA platform available (set 'hibernate.transaction.jta.platform' to enable JTA platform integration)
2026-01-13 18:55:18 INFO  [main] o.s.o.j.LocalContainerEntityManagerFactoryBean - Initialized JPA EntityManagerFactory for persistence unit 'default'
2026-01-13 18:55:18 INFO  [main] o.s.d.j.r.query.QueryEnhancerFactory - Hibernate is in classpath; If applicable, HQL parser will be used.
2026-01-13 18:55:18 DEBUG [main] d.t.g.service.security.JwtAuthFilter - Filter 'jwtAuthFilter' configured for use
2026-01-13 18:55:18 INFO  [main] o.s.s.c.a.a.c.InitializeUserDetailsBeanManagerConfigurer$InitializeUserDetailsManagerConfigurer - Global AuthenticationManager configured with UserDetailsService bean with name userDetailServiceImpl
2026-01-13 18:55:18 WARN  [main] o.s.b.a.o.j.JpaBaseConfiguration$JpaWebConfiguration - spring.jpa.open-in-view is enabled by default. Therefore, database queries may be performed during view rendering. Explicitly configure spring.jpa.open-in-view to disable this warning
2026-01-13 18:55:19 INFO  [main] o.a.coyote.http11.Http11NioProtocol - Starting ProtocolHandler ["http-nio-0.0.0.0-8080"]
2026-01-13 18:55:19 INFO  [main] o.s.b.w.e.tomcat.TomcatWebServer - Tomcat started on port 8080 (http) with context path '/'
2026-01-13 18:55:19 INFO  [main] d.t.g.GardenStoreApplication - Started GardenStoreApplication in 4.101 seconds (process running for 4.342)
2026-01-13 18:55:20 INFO  [SpringApplicationShutdownHook] o.s.b.w.e.tomcat.GracefulShutdown - Commencing graceful shutdown. Waiting for active requests to complete
2026-01-13 18:55:20 INFO  [tomcat-shutdown] o.s.b.w.e.tomcat.GracefulShutdown - Graceful shutdown complete
2026-01-13 18:55:20 INFO  [SpringApplicationShutdownHook] o.s.o.j.LocalContainerEntityManagerFactoryBean - Closing JPA EntityManagerFactory for persistence unit 'default'
2026-01-13 18:55:20 INFO  [SpringApplicationShutdownHook] com.zaxxer.hikari.HikariDataSource - HikariPool-1 - Shutdown initiated...
2026-01-13 18:55:20 INFO  [SpringApplicationShutdownHook] com.zaxxer.hikari.HikariDataSource - HikariPool-1 - Shutdown completed.
2026-01-13 18:58:11 INFO  [background-preinit] o.h.validator.internal.util.Version - HV000001: Hibernate Validator 8.0.2.Final
2026-01-13 18:58:11 INFO  [main] d.t.g.GardenStoreApplication - Starting GardenStoreApplication using Java 21.0.7 with PID 30611 (/Users/nkond/IdeaProjects/gardenStore/target/classes started by nkond in /Users/nkond/IdeaProjects/gardenStore)
2026-01-13 18:58:11 INFO  [main] d.t.g.GardenStoreApplication - No active profile set, falling back to 1 default profile: "default"
2026-01-13 18:58:11 DEBUG [main] o.s.c.a.ClassPathBeanDefinitionScanner - Identified candidate component class: file [/Users/nkond/IdeaProjects/gardenStore/target/classes/de/telran/gardenStore/aop/LoggingAspect.class]
2026-01-13 18:58:11 DEBUG [main] o.s.c.a.ClassPathBeanDefinitionScanner - Identified candidate component class: file [/Users/nkond/IdeaProjects/gardenStore/target/classes/de/telran/gardenStore/configuration/SecurityConfig.class]
2026-01-13 18:58:11 DEBUG [main] o.s.c.a.ClassPathBeanDefinitionScanner - Identified candidate component class: file [/Users/nkond/IdeaProjects/gardenStore/target/classes/de/telran/gardenStore/configuration/StoreConfig.class]
2026-01-13 18:58:11 DEBUG [main] o.s.c.a.ClassPathBeanDefinitionScanner - Identified candidate component class: file [/Users/nkond/IdeaProjects/gardenStore/target/classes/de/telran/gardenStore/controller/CartControllerImpl.class]
2026-01-13 18:58:11 DEBUG [main] o.s.c.a.ClassPathBeanDefinitionScanner - Identified candidate component class: file [/Users/nkond/IdeaProjects/gardenStore/target/classes/de/telran/gardenStore/controller/CategoryControllerImpl.class]
2026-01-13 18:58:11 DEBUG [main] o.s.c.a.ClassPathBeanDefinitionScanner - Identified candidate component class: file [/Users/nkond/IdeaProjects/gardenStore/target/classes/de/telran/gardenStore/controller/FavoriteControllerImpl.class]
2026-01-13 18:58:11 DEBUG [main] o.s.c.a.ClassPathBeanDefinitionScanner - Identified candidate component class: file [/Users/nkond/IdeaProjects/gardenStore/target/classes/de/telran/gardenStore/controller/OrderControllerImpl.class]
2026-01-13 18:58:11 DEBUG [main] o.s.c.a.ClassPathBeanDefinitionScanner - Identified candidate component class: file [/Users/nkond/IdeaProjects/gardenStore/target/classes/de/telran/gardenStore/controller/PaymentControllerImpl.class]
2026-01-13 18:58:11 DEBUG [main] o.s.c.a.ClassPathBeanDefinitionScanner - Identified candidate component class: file [/Users/nkond/IdeaProjects/gardenStore/target/classes/de/telran/gardenStore/controller/ProductControllerImpl.class]
2026-01-13 18:58:11 DEBUG [main] o.s.c.a.ClassPathBeanDefinitionScanner - Identified candidate component class: file [/Users/nkond/IdeaProjects/gardenStore/target/classes/de/telran/gardenStore/controller/ReportControllerImpl.class]
2026-01-13 18:58:11 DEBUG [main] o.s.c.a.ClassPathBeanDefinitionScanner - Identified candidate component class: file [/Users/nkond/IdeaProjects/gardenStore/target/classes/de/telran/gardenStore/controller/UserControllerImpl.class]
2026-01-13 18:58:11 DEBUG [main] o.s.c.a.ClassPathBeanDefinitionScanner - Identified candidate component class: file [/Users/nkond/IdeaProjects/gardenStore/target/classes/de/telran/gardenStore/converter/CartConverter.class]
2026-01-13 18:58:11 DEBUG [main] o.s.c.a.ClassPathBeanDefinitionScanner - Identified candidate component class: file [/Users/nkond/IdeaProjects/gardenStore/target/classes/de/telran/gardenStore/converter/CartItemConverter.class]
2026-01-13 18:58:11 DEBUG [main] o.s.c.a.ClassPathBeanDefinitionScanner - Identified candidate component class: file [/Users/nkond/IdeaProjects/gardenStore/target/classes/de/telran/gardenStore/converter/CategoryConverter.class]
2026-01-13 18:58:11 DEBUG [main] o.s.c.a.ClassPathBeanDefinitionScanner - Identified candidate component class: file [/Users/nkond/IdeaProjects/gardenStore/target/classes/de/telran/gardenStore/converter/FavoriteConverter.class]
2026-01-13 18:58:11 DEBUG [main] o.s.c.a.ClassPathBeanDefinitionScanner - Identified candidate component class: file [/Users/nkond/IdeaProjects/gardenStore/target/classes/de/telran/gardenStore/converter/OrderConverter.class]
2026-01-13 18:58:11 DEBUG [main] o.s.c.a.ClassPathBeanDefinitionScanner - Identified candidate component class: file [/Users/nkond/IdeaProjects/gardenStore/target/classes/de/telran/gardenStore/converter/OrderItemConverter.class]
2026-01-13 18:58:11 DEBUG [main] o.s.c.a.ClassPathBeanDefinitionScanner - Identified candidate component class: file [/Users/nkond/IdeaProjects/gardenStore/target/classes/de/telran/gardenStore/converter/ProductConverter.class]
2026-01-13 18:58:11 DEBUG [main] o.s.c.a.ClassPathBeanDefinitionScanner - Identified candidate component class: file [/Users/nkond/IdeaProjects/gardenStore/target/classes/de/telran/gardenStore/converter/UserConverter.class]
2026-01-13 18:58:11 DEBUG [main] o.s.c.a.ClassPathBeanDefinitionScanner - Identified candidate component class: file [/Users/nkond/IdeaProjects/gardenStore/target/classes/de/telran/gardenStore/handler/GlobalExceptionHandler.class]
2026-01-13 18:58:11 DEBUG [main] o.s.c.a.ClassPathBeanDefinitionScanner - Ignored because not a concrete top-level class: file [/Users/nkond/IdeaProjects/gardenStore/target/classes/de/telran/gardenStore/repository/CategoryRepository.class]
2026-01-13 18:58:11 DEBUG [main] o.s.c.a.ClassPathBeanDefinitionScanner - Ignored because not a concrete top-level class: file [/Users/nkond/IdeaProjects/gardenStore/target/classes/de/telran/gardenStore/repository/FavoriteRepository.class]
2026-01-13 18:58:11 DEBUG [main] o.s.c.a.ClassPathBeanDefinitionScanner - Ignored because not a concrete top-level class: file [/Users/nkond/IdeaProjects/gardenStore/target/classes/de/telran/gardenStore/repository/OrderItemRepository.class]
2026-01-13 18:58:11 DEBUG [main] o.s.c.a.ClassPathBeanDefinitionScanner - Ignored because not a concrete top-level class: file [/Users/nkond/IdeaProjects/gardenStore/target/classes/de/telran/gardenStore/repository/OrderRepository.class]
2026-01-13 18:58:11 DEBUG [main] o.s.c.a.ClassPathBeanDefinitionScanner - Ignored because not a concrete top-level class: file [/Users/nkond/IdeaProjects/gardenStore/target/classes/de/telran/gardenStore/repository/ProductRepository.class]
2026-01-13 18:58:11 DEBUG [main] o.s.c.a.ClassPathBeanDefinitionScanner - Ignored because not a concrete top-level class: file [/Users/nkond/IdeaProjects/gardenStore/target/classes/de/telran/gardenStore/repository/UserRepository.class]
2026-01-13 18:58:11 DEBUG [main] o.s.c.a.ClassPathBeanDefinitionScanner - Identified candidate component class: file [/Users/nkond/IdeaProjects/gardenStore/target/classes/de/telran/gardenStore/service/CartServiceImpl.class]
2026-01-13 18:58:11 DEBUG [main] o.s.c.a.ClassPathBeanDefinitionScanner - Identified candidate component class: file [/Users/nkond/IdeaProjects/gardenStore/target/classes/de/telran/gardenStore/service/CategoryServiceImpl.class]
2026-01-13 18:58:11 DEBUG [main] o.s.c.a.ClassPathBeanDefinitionScanner - Identified candidate component class: file [/Users/nkond/IdeaProjects/gardenStore/target/classes/de/telran/gardenStore/service/FavoriteServiceImpl.class]
2026-01-13 18:58:11 DEBUG [main] o.s.c.a.ClassPathBeanDefinitionScanner - Identified candidate component class: file [/Users/nkond/IdeaProjects/gardenStore/target/classes/de/telran/gardenStore/service/OrderItemServiceImpl.class]
2026-01-13 18:58:11 DEBUG [main] o.s.c.a.ClassPathBeanDefinitionScanner - Identified candidate component class: file [/Users/nkond/IdeaProjects/gardenStore/target/classes/de/telran/gardenStore/service/OrderServiceImpl.class]
2026-01-13 18:58:11 DEBUG [main] o.s.c.a.ClassPathBeanDefinitionScanner - Identified candidate component class: file [/Users/nkond/IdeaProjects/gardenStore/target/classes/de/telran/gardenStore/service/PaymentServiceImpl.class]
2026-01-13 18:58:11 DEBUG [main] o.s.c.a.ClassPathBeanDefinitionScanner - Identified candidate component class: file [/Users/nkond/IdeaProjects/gardenStore/target/classes/de/telran/gardenStore/service/ProductServiceImpl.class]
2026-01-13 18:58:11 DEBUG [main] o.s.c.a.ClassPathBeanDefinitionScanner - Identified candidate component class: file [/Users/nkond/IdeaProjects/gardenStore/target/classes/de/telran/gardenStore/service/UserServiceImpl.class]
2026-01-13 18:58:11 DEBUG [main] o.s.c.a.ClassPathBeanDefinitionScanner - Identified candidate component class: file [/Users/nkond/IdeaProjects/gardenStore/target/classes/de/telran/gardenStore/service/report/ReportServiceImpl.class]
2026-01-13 18:58:11 DEBUG [main] o.s.c.a.ClassPathBeanDefinitionScanner - Identified candidate component class: file [/Users/nkond/IdeaProjects/gardenStore/target/classes/de/telran/gardenStore/service/scheduled/ScheduledService.class]
2026-01-13 18:58:11 DEBUG [main] o.s.c.a.ClassPathBeanDefinitionScanner - Identified candidate component class: file [/Users/nkond/IdeaProjects/gardenStore/target/classes/de/telran/gardenStore/service/security/AuthenticationServiceImpl.class]
2026-01-13 18:58:11 DEBUG [main] o.s.c.a.ClassPathBeanDefinitionScanner - Identified candidate component class: file [/Users/nkond/IdeaProjects/gardenStore/target/classes/de/telran/gardenStore/service/security/JwtAuthFilter.class]
2026-01-13 18:58:11 DEBUG [main] o.s.c.a.ClassPathBeanDefinitionScanner - Identified candidate component class: file [/Users/nkond/IdeaProjects/gardenStore/target/classes/de/telran/gardenStore/service/security/JwtServiceImpl.class]
2026-01-13 18:58:11 DEBUG [main] o.s.c.a.ClassPathBeanDefinitionScanner - Identified candidate component class: file [/Users/nkond/IdeaProjects/gardenStore/target/classes/de/telran/gardenStore/service/security/UserDetailServiceImpl.class]
2026-01-13 18:58:11 DEBUG [main] o.s.c.a.ClassPathBeanDefinitionScanner - Identified candidate component class: file [/Users/nkond/IdeaProjects/gardenStore/target/classes/de/telran/gardenStore/utils/ReportMapper.class]
2026-01-13 18:58:11 INFO  [main] o.s.d.r.c.RepositoryConfigurationDelegate - Bootstrapping Spring Data JPA repositories in DEFAULT mode.
2026-01-13 18:58:11 DEBUG [main] o.s.c.a.ClassPathScanningCandidateComponentProvider - Identified candidate component class: file [/Users/nkond/IdeaProjects/gardenStore/target/classes/de/telran/gardenStore/controller/CartControllerImpl.class]
2026-01-13 18:58:11 DEBUG [main] o.s.c.a.ClassPathScanningCandidateComponentProvider - Identified candidate component class: file [/Users/nkond/IdeaProjects/gardenStore/target/classes/de/telran/gardenStore/controller/CategoryControllerImpl.class]
2026-01-13 18:58:11 DEBUG [main] o.s.c.a.ClassPathScanningCandidateComponentProvider - Identified candidate component class: file [/Users/nkond/IdeaProjects/gardenStore/target/classes/de/telran/gardenStore/controller/FavoriteControllerImpl.class]
2026-01-13 18:58:11 DEBUG [main] o.s.c.a.ClassPathScanningCandidateComponentProvider - Identified candidate component class: file [/Users/nkond/IdeaProjects/gardenStore/target/classes/de/telran/gardenStore/controller/OrderControllerImpl.class]
2026-01-13 18:58:11 DEBUG [main] o.s.c.a.ClassPathScanningCandidateComponentProvider - Identified candidate component class: file [/Users/nkond/IdeaProjects/gardenStore/target/classes/de/telran/gardenStore/controller/PaymentControllerImpl.class]
2026-01-13 18:58:11 DEBUG [main] o.s.c.a.ClassPathScanningCandidateComponentProvider - Identified candidate component class: file [/Users/nkond/IdeaProjects/gardenStore/target/classes/de/telran/gardenStore/controller/ProductControllerImpl.class]
2026-01-13 18:58:11 DEBUG [main] o.s.c.a.ClassPathScanningCandidateComponentProvider - Identified candidate component class: file [/Users/nkond/IdeaProjects/gardenStore/target/classes/de/telran/gardenStore/controller/ReportControllerImpl.class]
2026-01-13 18:58:11 DEBUG [main] o.s.c.a.ClassPathScanningCandidateComponentProvider - Identified candidate component class: file [/Users/nkond/IdeaProjects/gardenStore/target/classes/de/telran/gardenStore/controller/UserControllerImpl.class]
2026-01-13 18:58:11 DEBUG [main] o.s.c.a.ClassPathScanningCandidateComponentProvider - Identified candidate component class: file [/Users/nkond/IdeaProjects/gardenStore/target/classes/de/telran/gardenStore/service/CartServiceImpl.class]
2026-01-13 18:58:11 DEBUG [main] o.s.c.a.ClassPathScanningCandidateComponentProvider - Identified candidate component class: file [/Users/nkond/IdeaProjects/gardenStore/target/classes/de/telran/gardenStore/service/CategoryServiceImpl.class]
2026-01-13 18:58:11 DEBUG [main] o.s.c.a.ClassPathScanningCandidateComponentProvider - Identified candidate component class: file [/Users/nkond/IdeaProjects/gardenStore/target/classes/de/telran/gardenStore/service/FavoriteServiceImpl.class]
2026-01-13 18:58:11 DEBUG [main] o.s.c.a.ClassPathScanningCandidateComponentProvider - Identified candidate component class: file [/Users/nkond/IdeaProjects/gardenStore/target/classes/de/telran/gardenStore/service/OrderItemServiceImpl.class]
2026-01-13 18:58:11 DEBUG [main] o.s.c.a.ClassPathScanningCandidateComponentProvider - Identified candidate component class: file [/Users/nkond/IdeaProjects/gardenStore/target/classes/de/telran/gardenStore/service/OrderServiceImpl.class]
2026-01-13 18:58:11 DEBUG [main] o.s.c.a.ClassPathScanningCandidateComponentProvider - Identified candidate component class: file [/Users/nkond/IdeaProjects/gardenStore/target/classes/de/telran/gardenStore/service/PaymentServiceImpl.class]
2026-01-13 18:58:11 DEBUG [main] o.s.c.a.ClassPathScanningCandidateComponentProvider - Identified candidate component class: file [/Users/nkond/IdeaProjects/gardenStore/target/classes/de/telran/gardenStore/service/ProductServiceImpl.class]
2026-01-13 18:58:11 DEBUG [main] o.s.c.a.ClassPathScanningCandidateComponentProvider - Identified candidate component class: file [/Users/nkond/IdeaProjects/gardenStore/target/classes/de/telran/gardenStore/service/UserServiceImpl.class]
2026-01-13 18:58:11 DEBUG [main] o.s.c.a.ClassPathScanningCandidateComponentProvider - Identified candidate component class: file [/Users/nkond/IdeaProjects/gardenStore/target/classes/de/telran/gardenStore/service/report/ReportServiceImpl.class]
2026-01-13 18:58:11 DEBUG [main] o.s.c.a.ClassPathScanningCandidateComponentProvider - Identified candidate component class: file [/Users/nkond/IdeaProjects/gardenStore/target/classes/de/telran/gardenStore/service/security/AuthenticationServiceImpl.class]
2026-01-13 18:58:11 DEBUG [main] o.s.c.a.ClassPathScanningCandidateComponentProvider - Identified candidate component class: file [/Users/nkond/IdeaProjects/gardenStore/target/classes/de/telran/gardenStore/service/security/JwtServiceImpl.class]
2026-01-13 18:58:11 DEBUG [main] o.s.c.a.ClassPathScanningCandidateComponentProvider - Identified candidate component class: file [/Users/nkond/IdeaProjects/gardenStore/target/classes/de/telran/gardenStore/service/security/UserDetailServiceImpl.class]
2026-01-13 18:58:11 INFO  [main] o.s.d.r.c.RepositoryConfigurationDelegate - Finished Spring Data repository scanning in 44 ms. Found 7 JPA repository interfaces.
2026-01-13 18:58:11 DEBUG [main] o.s.a.a.a.ReflectiveAspectJAdvisorFactory - Found AspectJ method: public java.lang.Object de.telran.gardenStore.aop.LoggingAspect.logMethodInput(org.aspectj.lang.ProceedingJoinPoint) throws java.lang.Throwable
2026-01-13 18:58:12 INFO  [main] o.s.b.w.e.tomcat.TomcatWebServer - Tomcat initialized with port 8080 (http)
2026-01-13 18:58:12 INFO  [main] o.a.coyote.http11.Http11NioProtocol - Initializing ProtocolHandler ["http-nio-0.0.0.0-8080"]
2026-01-13 18:58:12 INFO  [main] o.a.catalina.core.StandardService - Starting service [Tomcat]
2026-01-13 18:58:12 INFO  [main] o.a.catalina.core.StandardEngine - Starting Servlet engine: [Apache Tomcat/10.1.42]
2026-01-13 18:58:12 INFO  [main] o.a.c.c.C.[Tomcat].[localhost].[/] - Initializing Spring embedded WebApplicationContext
2026-01-13 18:58:12 INFO  [main] o.s.b.w.s.c.ServletWebServerApplicationContext - Root WebApplicationContext: initialization completed in 1021 ms
2026-01-13 18:58:12 INFO  [main] com.zaxxer.hikari.HikariDataSource - HikariPool-1 - Starting...
2026-01-13 18:58:12 INFO  [main] com.zaxxer.hikari.pool.HikariPool - HikariPool-1 - Added connection org.postgresql.jdbc.PgConnection@5c5f0edc
2026-01-13 18:58:12 INFO  [main] com.zaxxer.hikari.HikariDataSource - HikariPool-1 - Start completed.
2026-01-13 18:58:12 INFO  [main] liquibase.database - Set default schema name to public
2026-01-13 18:58:12 INFO  [main] liquibase.changelog - Reading from public.databasechangelog
2026-01-13 18:58:12 INFO  [main] liquibase.ui - Database is up to date, no changesets to execute
2026-01-13 18:58:12 INFO  [main] liquibase.changelog - Reading from public.databasechangelog
2026-01-13 18:58:12 INFO  [main] liquibase.util - UPDATE SUMMARY
2026-01-13 18:58:12 INFO  [main] liquibase.util - Run:                          0
2026-01-13 18:58:12 INFO  [main] liquibase.util - Previously run:              21
2026-01-13 18:58:12 INFO  [main] liquibase.util - Filtered out:                 0
2026-01-13 18:58:12 INFO  [main] liquibase.util - -------------------------------
2026-01-13 18:58:12 INFO  [main] liquibase.util - Total change sets:           21
2026-01-13 18:58:12 INFO  [main] liquibase.util - Update summary generated
2026-01-13 18:58:12 INFO  [main] liquibase.command - Command execution complete
2026-01-13 18:58:13 INFO  [main] o.h.jpa.internal.util.LogHelper - HHH000204: Processing PersistenceUnitInfo [name: default]
2026-01-13 18:58:13 INFO  [main] org.hibernate.Version - HHH000412: Hibernate ORM core version 6.6.18.Final
2026-01-13 18:58:13 INFO  [main] o.h.c.i.RegionFactoryInitiator - HHH000026: Second-level cache disabled
2026-01-13 18:58:13 INFO  [main] o.s.o.j.p.SpringPersistenceUnitInfo - No LoadTimeWeaver setup: ignoring JPA class transformer
2026-01-13 18:58:13 WARN  [main] org.hibernate.orm.deprecation - HHH90000025: PostgreSQLDialect does not need to be specified explicitly using 'hibernate.dialect' (remove the property setting and it will be selected by default)
2026-01-13 18:58:13 INFO  [main] o.hibernate.orm.connections.pooling - HHH10001005: Database info:
	Database JDBC URL [Connecting through datasource 'HikariDataSource (HikariPool-1)']
	Database driver: undefined/unknown
	Database version: 17.5
	Autocommit mode: undefined/unknown
	Isolation level: undefined/unknown
	Minimum pool size: undefined/unknown
	Maximum pool size: undefined/unknown
2026-01-13 18:58:13 INFO  [main] o.h.e.t.j.p.i.JtaPlatformInitiator - HHH000489: No JTA platform available (set 'hibernate.transaction.jta.platform' to enable JTA platform integration)
2026-01-13 18:58:13 INFO  [main] o.s.o.j.LocalContainerEntityManagerFactoryBean - Initialized JPA EntityManagerFactory for persistence unit 'default'
2026-01-13 18:58:14 INFO  [main] o.s.d.j.r.query.QueryEnhancerFactory - Hibernate is in classpath; If applicable, HQL parser will be used.
2026-01-13 18:58:14 DEBUG [main] d.t.g.service.security.JwtAuthFilter - Filter 'jwtAuthFilter' configured for use
2026-01-13 18:58:14 INFO  [main] o.s.s.c.a.a.c.InitializeUserDetailsBeanManagerConfigurer$InitializeUserDetailsManagerConfigurer - Global AuthenticationManager configured with UserDetailsService bean with name userDetailServiceImpl
2026-01-13 18:58:14 WARN  [main] o.s.b.a.o.j.JpaBaseConfiguration$JpaWebConfiguration - spring.jpa.open-in-view is enabled by default. Therefore, database queries may be performed during view rendering. Explicitly configure spring.jpa.open-in-view to disable this warning
2026-01-13 18:58:15 DEBUG [main] o.s.c.s.DefaultLifecycleProcessor - Starting beans in phase -2147483647
2026-01-13 18:58:15 DEBUG [main] o.s.c.s.DefaultLifecycleProcessor - Successfully started bean 'springBootLoggingLifecycle'
2026-01-13 18:58:15 DEBUG [main] o.s.c.s.DefaultLifecycleProcessor - Starting beans in phase 1073741823
2026-01-13 18:58:15 DEBUG [main] o.s.c.s.DefaultLifecycleProcessor - Starting beans in phase 2147481599
2026-01-13 18:58:15 INFO  [main] o.a.coyote.http11.Http11NioProtocol - Starting ProtocolHandler ["http-nio-0.0.0.0-8080"]
2026-01-13 18:58:15 INFO  [main] o.s.b.w.e.tomcat.TomcatWebServer - Tomcat started on port 8080 (http) with context path '/'
2026-01-13 18:58:15 DEBUG [main] o.s.c.s.DefaultLifecycleProcessor - Successfully started bean 'webServerStartStop'
2026-01-13 18:58:15 DEBUG [main] o.s.c.s.DefaultLifecycleProcessor - Starting beans in phase 2147482623
2026-01-13 18:58:15 DEBUG [main] o.s.c.s.DefaultLifecycleProcessor - Successfully started bean 'webServerGracefulShutdown'
2026-01-13 18:58:15 INFO  [main] d.t.g.GardenStoreApplication - Started GardenStoreApplication in 4.354 seconds (process running for 4.601)
2026-01-13 19:04:52 DEBUG [SpringApplicationShutdownHook] o.s.c.s.DefaultLifecycleProcessor - Stopping beans in phase 2147482623
2026-01-13 19:04:52 INFO  [SpringApplicationShutdownHook] o.s.b.w.e.tomcat.GracefulShutdown - Commencing graceful shutdown. Waiting for active requests to complete
2026-01-13 19:04:52 INFO  [tomcat-shutdown] o.s.b.w.e.tomcat.GracefulShutdown - Graceful shutdown complete
2026-01-13 19:04:52 DEBUG [SpringApplicationShutdownHook] o.s.c.s.DefaultLifecycleProcessor - Stopping beans in phase 2147481599
2026-01-13 19:04:52 DEBUG [tomcat-shutdown] o.s.c.s.DefaultLifecycleProcessor - Bean 'webServerGracefulShutdown' completed its stop procedure
2026-01-13 19:04:52 DEBUG [SpringApplicationShutdownHook] o.s.c.s.DefaultLifecycleProcessor - Bean 'webServerStartStop' completed its stop procedure
2026-01-13 19:04:52 DEBUG [SpringApplicationShutdownHook] o.s.c.s.DefaultLifecycleProcessor - Stopping beans in phase 1073741823
2026-01-13 19:04:52 DEBUG [SpringApplicationShutdownHook] o.s.c.s.DefaultLifecycleProcessor - Bean 'applicationTaskExecutor' completed its stop procedure
2026-01-13 19:04:52 DEBUG [SpringApplicationShutdownHook] o.s.c.s.DefaultLifecycleProcessor - Bean 'taskScheduler' completed its stop procedure
2026-01-13 19:04:52 DEBUG [SpringApplicationShutdownHook] o.s.c.s.DefaultLifecycleProcessor - Stopping beans in phase -2147483647
2026-01-13 19:04:52 DEBUG [SpringApplicationShutdownHook] o.s.c.s.DefaultLifecycleProcessor - Bean 'springBootLoggingLifecycle' completed its stop procedure
2026-01-13 19:04:52 INFO  [SpringApplicationShutdownHook] o.s.o.j.LocalContainerEntityManagerFactoryBean - Closing JPA EntityManagerFactory for persistence unit 'default'
2026-01-13 19:04:52 INFO  [SpringApplicationShutdownHook] com.zaxxer.hikari.HikariDataSource - HikariPool-1 - Shutdown initiated...
2026-01-13 19:04:52 INFO  [SpringApplicationShutdownHook] com.zaxxer.hikari.HikariDataSource - HikariPool-1 - Shutdown completed.
2026-01-13 19:04:55 INFO  [background-preinit] o.h.validator.internal.util.Version - HV000001: Hibernate Validator 8.0.2.Final
2026-01-13 19:04:55 INFO  [main] d.t.g.GardenStoreApplication - Starting GardenStoreApplication using Java 21.0.7 with PID 30792 (/Users/nkond/IdeaProjects/gardenStore/target/classes started by nkond in /Users/nkond/IdeaProjects/gardenStore)
2026-01-13 19:04:55 INFO  [main] d.t.g.GardenStoreApplication - No active profile set, falling back to 1 default profile: "default"
2026-01-13 19:04:55 INFO  [main] o.s.d.r.c.RepositoryConfigurationDelegate - Bootstrapping Spring Data JPA repositories in DEFAULT mode.
2026-01-13 19:04:55 INFO  [main] o.s.d.r.c.RepositoryConfigurationDelegate - Finished Spring Data repository scanning in 37 ms. Found 7 JPA repository interfaces.
2026-01-13 19:04:55 DEBUG [main] o.s.a.a.a.ReflectiveAspectJAdvisorFactory - Found AspectJ method: public java.lang.Object de.telran.gardenStore.aop.LoggingAspect.logMethodInput(org.aspectj.lang.ProceedingJoinPoint) throws java.lang.Throwable
2026-01-13 19:04:56 INFO  [main] o.s.b.w.e.tomcat.TomcatWebServer - Tomcat initialized with port 8080 (http)
2026-01-13 19:04:56 INFO  [main] o.a.coyote.http11.Http11NioProtocol - Initializing ProtocolHandler ["http-nio-0.0.0.0-8080"]
2026-01-13 19:04:56 INFO  [main] o.a.catalina.core.StandardService - Starting service [Tomcat]
2026-01-13 19:04:56 INFO  [main] o.a.catalina.core.StandardEngine - Starting Servlet engine: [Apache Tomcat/10.1.42]
2026-01-13 19:04:56 INFO  [main] o.a.c.c.C.[Tomcat].[localhost].[/] - Initializing Spring embedded WebApplicationContext
2026-01-13 19:04:56 INFO  [main] o.s.b.w.s.c.ServletWebServerApplicationContext - Root WebApplicationContext: initialization completed in 945 ms
2026-01-13 19:04:56 INFO  [main] com.zaxxer.hikari.HikariDataSource - HikariPool-1 - Starting...
2026-01-13 19:04:56 INFO  [main] com.zaxxer.hikari.pool.HikariPool - HikariPool-1 - Added connection org.postgresql.jdbc.PgConnection@40f9f60d
2026-01-13 19:04:56 INFO  [main] com.zaxxer.hikari.HikariDataSource - HikariPool-1 - Start completed.
2026-01-13 19:04:56 INFO  [main] liquibase.database - Set default schema name to public
2026-01-13 19:04:56 INFO  [main] liquibase.changelog - Reading from public.databasechangelog
2026-01-13 19:04:56 INFO  [main] liquibase.command - Logging exception.
2026-01-13 19:04:56 INFO  [main] liquibase.ui - ERROR: Exception Details
2026-01-13 19:04:56 INFO  [main] liquibase.ui - ERROR: Exception Primary Class:  ChangeLogParseException
2026-01-13 19:04:56 INFO  [main] liquibase.ui - ERROR: Exception Primary Reason:  The file db/changelog/data/04-truncate-tables was not found in the configured search path:
    - Spring classpath
More locations can be added with the 'searchPath' parameter.
2026-01-13 19:04:56 INFO  [main] liquibase.ui - ERROR: Exception Primary Source:  4.31.1
2026-01-13 19:04:56 INFO  [main] liquibase.command - Command execution complete
2026-01-13 19:04:57 ERROR [main] o.s.b.w.e.tomcat.TomcatStarter - Error starting Tomcat context. Exception: org.springframework.beans.factory.UnsatisfiedDependencyException. Message: Error creating bean with name 'jwtAuthFilter' defined in file [/Users/nkond/IdeaProjects/gardenStore/target/classes/de/telran/gardenStore/service/security/JwtAuthFilter.class]: Unsatisfied dependency expressed through constructor parameter 1: Error creating bean with name 'userDetailServiceImpl' defined in file [/Users/nkond/IdeaProjects/gardenStore/target/classes/de/telran/gardenStore/service/security/UserDetailServiceImpl.class]: Unsatisfied dependency expressed through constructor parameter 0: Error creating bean with name 'userServiceImpl' defined in file [/Users/nkond/IdeaProjects/gardenStore/target/classes/de/telran/gardenStore/service/UserServiceImpl.class]: Unsatisfied dependency expressed through constructor parameter 0: Error creating bean with name 'userRepository' defined in de.telran.gardenStore.repository.UserRepository defined in @EnableJpaRepositories declared on JpaRepositoriesRegistrar.EnableJpaRepositoriesConfiguration: Cannot resolve reference to bean 'jpaSharedEM_entityManagerFactory' while setting bean property 'entityManager'
2026-01-13 19:04:57 INFO  [main] o.a.catalina.core.StandardService - Stopping service [Tomcat]
2026-01-13 19:04:57 WARN  [main] o.a.c.loader.WebappClassLoaderBase - The web application [ROOT] appears to have started a thread named [HikariPool-1:housekeeper] but has failed to stop it. This is very likely to create a memory leak. Stack trace of thread:
 java.base/jdk.internal.misc.Unsafe.park(Native Method)
 java.base/java.util.concurrent.locks.LockSupport.parkNanos(LockSupport.java:269)
 java.base/java.util.concurrent.locks.AbstractQueuedSynchronizer$ConditionObject.awaitNanos(AbstractQueuedSynchronizer.java:1763)
 java.base/java.util.concurrent.ScheduledThreadPoolExecutor$DelayedWorkQueue.take(ScheduledThreadPoolExecutor.java:1182)
 java.base/java.util.concurrent.ScheduledThreadPoolExecutor$DelayedWorkQueue.take(ScheduledThreadPoolExecutor.java:899)
 java.base/java.util.concurrent.ThreadPoolExecutor.getTask(ThreadPoolExecutor.java:1070)
 java.base/java.util.concurrent.ThreadPoolExecutor.runWorker(ThreadPoolExecutor.java:1130)
 java.base/java.util.concurrent.ThreadPoolExecutor$Worker.run(ThreadPoolExecutor.java:642)
 java.base/java.lang.Thread.run(Thread.java:1583)
2026-01-13 19:04:57 WARN  [main] o.a.c.loader.WebappClassLoaderBase - The web application [ROOT] appears to have started a thread named [HikariPool-1:connection-adder] but has failed to stop it. This is very likely to create a memory leak. Stack trace of thread:
 java.base/jdk.internal.misc.Unsafe.park(Native Method)
 java.base/java.util.concurrent.locks.LockSupport.parkNanos(LockSupport.java:269)
 java.base/java.util.concurrent.locks.AbstractQueuedSynchronizer$ConditionObject.awaitNanos(AbstractQueuedSynchronizer.java:1763)
 java.base/java.util.concurrent.LinkedBlockingQueue.poll(LinkedBlockingQueue.java:460)
 java.base/java.util.concurrent.ThreadPoolExecutor.getTask(ThreadPoolExecutor.java:1069)
 java.base/java.util.concurrent.ThreadPoolExecutor.runWorker(ThreadPoolExecutor.java:1130)
 java.base/java.util.concurrent.ThreadPoolExecutor$Worker.run(ThreadPoolExecutor.java:642)
 java.base/java.lang.Thread.run(Thread.java:1583)
2026-01-13 19:04:57 WARN  [main] o.s.b.w.s.c.AnnotationConfigServletWebServerApplicationContext - Exception encountered during context initialization - cancelling refresh attempt: org.springframework.context.ApplicationContextException: Unable to start web server
2026-01-13 19:04:57 INFO  [main] com.zaxxer.hikari.HikariDataSource - HikariPool-1 - Shutdown initiated...
2026-01-13 19:04:57 INFO  [main] com.zaxxer.hikari.HikariDataSource - HikariPool-1 - Shutdown completed.
2026-01-13 19:04:57 INFO  [main] o.s.b.a.l.ConditionEvaluationReportLogger - 

Error starting ApplicationContext. To display the condition evaluation report re-run your application with 'debug' enabled.
2026-01-13 19:04:57 ERROR [main] o.s.boot.SpringApplication - Application run failed
org.springframework.context.ApplicationContextException: Unable to start web server
	at org.springframework.boot.web.servlet.context.ServletWebServerApplicationContext.onRefresh(ServletWebServerApplicationContext.java:170)
	at org.springframework.context.support.AbstractApplicationContext.refresh(AbstractApplicationContext.java:621)
	at org.springframework.boot.web.servlet.context.ServletWebServerApplicationContext.refresh(ServletWebServerApplicationContext.java:146)
	at org.springframework.boot.SpringApplication.refresh(SpringApplication.java:752)
	at org.springframework.boot.SpringApplication.refreshContext(SpringApplication.java:439)
	at org.springframework.boot.SpringApplication.run(SpringApplication.java:318)
	at org.springframework.boot.SpringApplication.run(SpringApplication.java:1361)
	at org.springframework.boot.SpringApplication.run(SpringApplication.java:1350)
	at de.telran.gardenStore.GardenStoreApplication.main(GardenStoreApplication.java:14)
Caused by: org.springframework.boot.web.server.WebServerException: Unable to start embedded Tomcat
	at org.springframework.boot.web.embedded.tomcat.TomcatWebServer.initialize(TomcatWebServer.java:147)
	at org.springframework.boot.web.embedded.tomcat.TomcatWebServer.<init>(TomcatWebServer.java:107)
	at org.springframework.boot.web.embedded.tomcat.TomcatServletWebServerFactory.getTomcatWebServer(TomcatServletWebServerFactory.java:517)
	at org.springframework.boot.web.embedded.tomcat.TomcatServletWebServerFactory.getWebServer(TomcatServletWebServerFactory.java:219)
	at org.springframework.boot.web.servlet.context.ServletWebServerApplicationContext.createWebServer(ServletWebServerApplicationContext.java:193)
	at org.springframework.boot.web.servlet.context.ServletWebServerApplicationContext.onRefresh(ServletWebServerApplicationContext.java:167)
	... 8 common frames omitted
Caused by: org.springframework.beans.factory.UnsatisfiedDependencyException: Error creating bean with name 'jwtAuthFilter' defined in file [/Users/nkond/IdeaProjects/gardenStore/target/classes/de/telran/gardenStore/service/security/JwtAuthFilter.class]: Unsatisfied dependency expressed through constructor parameter 1: Error creating bean with name 'userDetailServiceImpl' defined in file [/Users/nkond/IdeaProjects/gardenStore/target/classes/de/telran/gardenStore/service/security/UserDetailServiceImpl.class]: Unsatisfied dependency expressed through constructor parameter 0: Error creating bean with name 'userServiceImpl' defined in file [/Users/nkond/IdeaProjects/gardenStore/target/classes/de/telran/gardenStore/service/UserServiceImpl.class]: Unsatisfied dependency expressed through constructor parameter 0: Error creating bean with name 'userRepository' defined in de.telran.gardenStore.repository.UserRepository defined in @EnableJpaRepositories declared on JpaRepositoriesRegistrar.EnableJpaRepositoriesConfiguration: Cannot resolve reference to bean 'jpaSharedEM_entityManagerFactory' while setting bean property 'entityManager'
	at org.springframework.beans.factory.support.ConstructorResolver.createArgumentArray(ConstructorResolver.java:804)
	at org.springframework.beans.factory.support.ConstructorResolver.autowireConstructor(ConstructorResolver.java:240)
	at org.springframework.beans.factory.support.AbstractAutowireCapableBeanFactory.autowireConstructor(AbstractAutowireCapableBeanFactory.java:1395)
	at org.springframework.beans.factory.support.AbstractAutowireCapableBeanFactory.createBeanInstance(AbstractAutowireCapableBeanFactory.java:1232)
	at org.springframework.beans.factory.support.AbstractAutowireCapableBeanFactory.doCreateBean(AbstractAutowireCapableBeanFactory.java:569)
	at org.springframework.beans.factory.support.AbstractAutowireCapableBeanFactory.createBean(AbstractAutowireCapableBeanFactory.java:529)
	at org.springframework.beans.factory.support.AbstractBeanFactory.lambda$doGetBean$0(AbstractBeanFactory.java:339)
	at org.springframework.beans.factory.support.DefaultSingletonBeanRegistry.getSingleton(DefaultSingletonBeanRegistry.java:373)
	at org.springframework.beans.factory.support.AbstractBeanFactory.doGetBean(AbstractBeanFactory.java:337)
	at org.springframework.beans.factory.support.AbstractBeanFactory.getBean(AbstractBeanFactory.java:207)
	at org.springframework.boot.web.servlet.ServletContextInitializerBeans.getOrderedBeansOfType(ServletContextInitializerBeans.java:230)
	at org.springframework.boot.web.servlet.ServletContextInitializerBeans.addAsRegistrationBean(ServletContextInitializerBeans.java:184)
	at org.springframework.boot.web.servlet.ServletContextInitializerBeans.addAsRegistrationBean(ServletContextInitializerBeans.java:179)
	at org.springframework.boot.web.servlet.ServletContextInitializerBeans.addAdaptableBeans(ServletContextInitializerBeans.java:164)
	at org.springframework.boot.web.servlet.ServletContextInitializerBeans.<init>(ServletContextInitializerBeans.java:96)
	at org.springframework.boot.web.servlet.context.ServletWebServerApplicationContext.getServletContextInitializerBeans(ServletWebServerApplicationContext.java:271)
	at org.springframework.boot.web.servlet.context.ServletWebServerApplicationContext.selfInitialize(ServletWebServerApplicationContext.java:245)
	at org.springframework.boot.web.embedded.tomcat.TomcatStarter.onStartup(TomcatStarter.java:52)
	at org.apache.catalina.core.StandardContext.startInternal(StandardContext.java:4464)
	at org.apache.catalina.util.LifecycleBase.start(LifecycleBase.java:164)
	at org.apache.catalina.core.ContainerBase$StartChild.call(ContainerBase.java:1203)
	at org.apache.catalina.core.ContainerBase$StartChild.call(ContainerBase.java:1193)
	at java.base/java.util.concurrent.FutureTask.run(FutureTask.java:317)
	at org.apache.tomcat.util.threads.InlineExecutorService.execute(InlineExecutorService.java:75)
	at java.base/java.util.concurrent.AbstractExecutorService.submit(AbstractExecutorService.java:145)
	at org.apache.catalina.core.ContainerBase.startInternal(ContainerBase.java:749)
	at org.apache.catalina.core.StandardHost.startInternal(StandardHost.java:772)
	at org.apache.catalina.util.LifecycleBase.start(LifecycleBase.java:164)
	at org.apache.catalina.core.ContainerBase$StartChild.call(ContainerBase.java:1203)
	at org.apache.catalina.core.ContainerBase$StartChild.call(ContainerBase.java:1193)
	at java.base/java.util.concurrent.FutureTask.run(FutureTask.java:317)
	at org.apache.tomcat.util.threads.InlineExecutorService.execute(InlineExecutorService.java:75)
	at java.base/java.util.concurrent.AbstractExecutorService.submit(AbstractExecutorService.java:145)
	at org.apache.catalina.core.ContainerBase.startInternal(ContainerBase.java:749)
	at org.apache.catalina.core.StandardEngine.startInternal(StandardEngine.java:203)
	at org.apache.catalina.util.LifecycleBase.start(LifecycleBase.java:164)
	at org.apache.catalina.core.StandardService.startInternal(StandardService.java:412)
	at org.apache.catalina.util.LifecycleBase.start(LifecycleBase.java:164)
	at org.apache.catalina.core.StandardServer.startInternal(StandardServer.java:870)
	at org.apache.catalina.util.LifecycleBase.start(LifecycleBase.java:164)
	at org.apache.catalina.startup.Tomcat.start(Tomcat.java:438)
	at org.springframework.boot.web.embedded.tomcat.TomcatWebServer.initialize(TomcatWebServer.java:128)
	... 13 common frames omitted
Caused by: org.springframework.beans.factory.UnsatisfiedDependencyException: Error creating bean with name 'userDetailServiceImpl' defined in file [/Users/nkond/IdeaProjects/gardenStore/target/classes/de/telran/gardenStore/service/security/UserDetailServiceImpl.class]: Unsatisfied dependency expressed through constructor parameter 0: Error creating bean with name 'userServiceImpl' defined in file [/Users/nkond/IdeaProjects/gardenStore/target/classes/de/telran/gardenStore/service/UserServiceImpl.class]: Unsatisfied dependency expressed through constructor parameter 0: Error creating bean with name 'userRepository' defined in de.telran.gardenStore.repository.UserRepository defined in @EnableJpaRepositories declared on JpaRepositoriesRegistrar.EnableJpaRepositoriesConfiguration: Cannot resolve reference to bean 'jpaSharedEM_entityManagerFactory' while setting bean property 'entityManager'
	at org.springframework.beans.factory.support.ConstructorResolver.createArgumentArray(ConstructorResolver.java:804)
	at org.springframework.beans.factory.support.ConstructorResolver.autowireConstructor(ConstructorResolver.java:240)
	at org.springframework.beans.factory.support.AbstractAutowireCapableBeanFactory.autowireConstructor(AbstractAutowireCapableBeanFactory.java:1395)
	at org.springframework.beans.factory.support.AbstractAutowireCapableBeanFactory.createBeanInstance(AbstractAutowireCapableBeanFactory.java:1232)
	at org.springframework.beans.factory.support.AbstractAutowireCapableBeanFactory.doCreateBean(AbstractAutowireCapableBeanFactory.java:569)
	at org.springframework.beans.factory.support.AbstractAutowireCapableBeanFactory.createBean(AbstractAutowireCapableBeanFactory.java:529)
	at org.springframework.beans.factory.support.AbstractBeanFactory.lambda$doGetBean$0(AbstractBeanFactory.java:339)
	at org.springframework.beans.factory.support.DefaultSingletonBeanRegistry.getSingleton(DefaultSingletonBeanRegistry.java:373)
	at org.springframework.beans.factory.support.AbstractBeanFactory.doGetBean(AbstractBeanFactory.java:337)
	at org.springframework.beans.factory.support.AbstractBeanFactory.getBean(AbstractBeanFactory.java:202)
	at org.springframework.beans.factory.config.DependencyDescriptor.resolveCandidate(DependencyDescriptor.java:254)
	at org.springframework.beans.factory.support.DefaultListableBeanFactory.doResolveDependency(DefaultListableBeanFactory.java:1745)
	at org.springframework.beans.factory.support.DefaultListableBeanFactory.resolveDependency(DefaultListableBeanFactory.java:1628)
	at org.springframework.beans.factory.support.ConstructorResolver.resolveAutowiredArgument(ConstructorResolver.java:913)
	at org.springframework.beans.factory.support.ConstructorResolver.createArgumentArray(ConstructorResolver.java:791)
	... 54 common frames omitted
Caused by: org.springframework.beans.factory.UnsatisfiedDependencyException: Error creating bean with name 'userServiceImpl' defined in file [/Users/nkond/IdeaProjects/gardenStore/target/classes/de/telran/gardenStore/service/UserServiceImpl.class]: Unsatisfied dependency expressed through constructor parameter 0: Error creating bean with name 'userRepository' defined in de.telran.gardenStore.repository.UserRepository defined in @EnableJpaRepositories declared on JpaRepositoriesRegistrar.EnableJpaRepositoriesConfiguration: Cannot resolve reference to bean 'jpaSharedEM_entityManagerFactory' while setting bean property 'entityManager'
	at org.springframework.beans.factory.support.ConstructorResolver.createArgumentArray(ConstructorResolver.java:804)
	at org.springframework.beans.factory.support.ConstructorResolver.autowireConstructor(ConstructorResolver.java:240)
	at org.springframework.beans.factory.support.AbstractAutowireCapableBeanFactory.autowireConstructor(AbstractAutowireCapableBeanFactory.java:1395)
	at org.springframework.beans.factory.support.AbstractAutowireCapableBeanFactory.createBeanInstance(AbstractAutowireCapableBeanFactory.java:1232)
	at org.springframework.beans.factory.support.AbstractAutowireCapableBeanFactory.doCreateBean(AbstractAutowireCapableBeanFactory.java:569)
	at org.springframework.beans.factory.support.AbstractAutowireCapableBeanFactory.createBean(AbstractAutowireCapableBeanFactory.java:529)
	at org.springframework.beans.factory.support.AbstractBeanFactory.lambda$doGetBean$0(AbstractBeanFactory.java:339)
	at org.springframework.beans.factory.support.DefaultSingletonBeanRegistry.getSingleton(DefaultSingletonBeanRegistry.java:373)
	at org.springframework.beans.factory.support.AbstractBeanFactory.doGetBean(AbstractBeanFactory.java:337)
	at org.springframework.beans.factory.support.AbstractBeanFactory.getBean(AbstractBeanFactory.java:202)
	at org.springframework.beans.factory.config.DependencyDescriptor.resolveCandidate(DependencyDescriptor.java:254)
	at org.springframework.beans.factory.support.DefaultListableBeanFactory.doResolveDependency(DefaultListableBeanFactory.java:1745)
	at org.springframework.beans.factory.support.DefaultListableBeanFactory.resolveDependency(DefaultListableBeanFactory.java:1628)
	at org.springframework.beans.factory.support.ConstructorResolver.resolveAutowiredArgument(ConstructorResolver.java:913)
	at org.springframework.beans.factory.support.ConstructorResolver.createArgumentArray(ConstructorResolver.java:791)
	... 68 common frames omitted
Caused by: org.springframework.beans.factory.BeanCreationException: Error creating bean with name 'userRepository' defined in de.telran.gardenStore.repository.UserRepository defined in @EnableJpaRepositories declared on JpaRepositoriesRegistrar.EnableJpaRepositoriesConfiguration: Cannot resolve reference to bean 'jpaSharedEM_entityManagerFactory' while setting bean property 'entityManager'
	at org.springframework.beans.factory.support.BeanDefinitionValueResolver.resolveReference(BeanDefinitionValueResolver.java:377)
	at org.springframework.beans.factory.support.BeanDefinitionValueResolver.resolveValueIfNecessary(BeanDefinitionValueResolver.java:135)
	at org.springframework.beans.factory.support.AbstractAutowireCapableBeanFactory.applyPropertyValues(AbstractAutowireCapableBeanFactory.java:1725)
	at org.springframework.beans.factory.support.AbstractAutowireCapableBeanFactory.populateBean(AbstractAutowireCapableBeanFactory.java:1474)
	at org.springframework.beans.factory.support.AbstractAutowireCapableBeanFactory.doCreateBean(AbstractAutowireCapableBeanFactory.java:606)
	at org.springframework.beans.factory.support.AbstractAutowireCapableBeanFactory.createBean(AbstractAutowireCapableBeanFactory.java:529)
	at org.springframework.beans.factory.support.AbstractBeanFactory.lambda$doGetBean$0(AbstractBeanFactory.java:339)
	at org.springframework.beans.factory.support.DefaultSingletonBeanRegistry.getSingleton(DefaultSingletonBeanRegistry.java:373)
	at org.springframework.beans.factory.support.AbstractBeanFactory.doGetBean(AbstractBeanFactory.java:337)
	at org.springframework.beans.factory.support.AbstractBeanFactory.getBean(AbstractBeanFactory.java:202)
	at org.springframework.beans.factory.support.DefaultListableBeanFactory.doResolveDependency(DefaultListableBeanFactory.java:1683)
	at org.springframework.beans.factory.support.DefaultListableBeanFactory.resolveDependency(DefaultListableBeanFactory.java:1628)
	at org.springframework.beans.factory.support.ConstructorResolver.resolveAutowiredArgument(ConstructorResolver.java:913)
	at org.springframework.beans.factory.support.ConstructorResolver.createArgumentArray(ConstructorResolver.java:791)
	... 82 common frames omitted
Caused by: org.springframework.beans.factory.BeanCreationException: Error creating bean with name 'jpaSharedEM_entityManagerFactory': Cannot resolve reference to bean 'entityManagerFactory' while setting constructor argument
	at org.springframework.beans.factory.support.BeanDefinitionValueResolver.resolveReference(BeanDefinitionValueResolver.java:377)
	at org.springframework.beans.factory.support.BeanDefinitionValueResolver.resolveValueIfNecessary(BeanDefinitionValueResolver.java:135)
	at org.springframework.beans.factory.support.ConstructorResolver.resolveConstructorArguments(ConstructorResolver.java:691)
	at org.springframework.beans.factory.support.ConstructorResolver.instantiateUsingFactoryMethod(ConstructorResolver.java:513)
	at org.springframework.beans.factory.support.AbstractAutowireCapableBeanFactory.instantiateUsingFactoryMethod(AbstractAutowireCapableBeanFactory.java:1375)
	at org.springframework.beans.factory.support.AbstractAutowireCapableBeanFactory.createBeanInstance(AbstractAutowireCapableBeanFactory.java:1205)
	at org.springframework.beans.factory.support.AbstractAutowireCapableBeanFactory.doCreateBean(AbstractAutowireCapableBeanFactory.java:569)
	at org.springframework.beans.factory.support.AbstractAutowireCapableBeanFactory.createBean(AbstractAutowireCapableBeanFactory.java:529)
	at org.springframework.beans.factory.support.AbstractBeanFactory.lambda$doGetBean$0(AbstractBeanFactory.java:339)
	at org.springframework.beans.factory.support.DefaultSingletonBeanRegistry.getSingleton(DefaultSingletonBeanRegistry.java:373)
	at org.springframework.beans.factory.support.AbstractBeanFactory.doGetBean(AbstractBeanFactory.java:337)
	at org.springframework.beans.factory.support.AbstractBeanFactory.getBean(AbstractBeanFactory.java:202)
	at org.springframework.beans.factory.support.BeanDefinitionValueResolver.resolveReference(BeanDefinitionValueResolver.java:365)
	... 95 common frames omitted
Caused by: org.springframework.beans.factory.BeanCreationException: Error creating bean with name 'liquibase' defined in class path resource [org/springframework/boot/autoconfigure/liquibase/LiquibaseAutoConfiguration$LiquibaseConfiguration.class]: liquibase.exception.CommandExecutionException: liquibase.exception.ChangeLogParseException: liquibase.exception.SetupException: The file db/changelog/data/04-truncate-tables was not found in the configured search path:
    - Spring classpath
More locations can be added with the 'searchPath' parameter.
	at org.springframework.beans.factory.support.AbstractAutowireCapableBeanFactory.initializeBean(AbstractAutowireCapableBeanFactory.java:1826)
	at org.springframework.beans.factory.support.AbstractAutowireCapableBeanFactory.doCreateBean(AbstractAutowireCapableBeanFactory.java:607)
	at org.springframework.beans.factory.support.AbstractAutowireCapableBeanFactory.createBean(AbstractAutowireCapableBeanFactory.java:529)
	at org.springframework.beans.factory.support.AbstractBeanFactory.lambda$doGetBean$0(AbstractBeanFactory.java:339)
	at org.springframework.beans.factory.support.DefaultSingletonBeanRegistry.getSingleton(DefaultSingletonBeanRegistry.java:373)
	at org.springframework.beans.factory.support.AbstractBeanFactory.doGetBean(AbstractBeanFactory.java:337)
	at org.springframework.beans.factory.support.AbstractBeanFactory.getBean(AbstractBeanFactory.java:202)
	at org.springframework.beans.factory.support.AbstractBeanFactory.doGetBean(AbstractBeanFactory.java:315)
	at org.springframework.beans.factory.support.AbstractBeanFactory.getBean(AbstractBeanFactory.java:202)
	at org.springframework.beans.factory.support.BeanDefinitionValueResolver.resolveReference(BeanDefinitionValueResolver.java:365)
	... 107 common frames omitted
Caused by: liquibase.exception.LiquibaseException: liquibase.exception.CommandExecutionException: liquibase.exception.ChangeLogParseException: liquibase.exception.SetupException: The file db/changelog/data/04-truncate-tables was not found in the configured search path:
    - Spring classpath
More locations can be added with the 'searchPath' parameter.
	at liquibase.integration.spring.SpringLiquibase.afterPropertiesSet(SpringLiquibase.java:288)
	at org.springframework.beans.factory.support.AbstractAutowireCapableBeanFactory.invokeInitMethods(AbstractAutowireCapableBeanFactory.java:1873)
	at org.springframework.beans.factory.support.AbstractAutowireCapableBeanFactory.initializeBean(AbstractAutowireCapableBeanFactory.java:1822)
	... 116 common frames omitted
Caused by: liquibase.exception.CommandExecutionException: liquibase.exception.ChangeLogParseException: liquibase.exception.SetupException: The file db/changelog/data/04-truncate-tables was not found in the configured search path:
    - Spring classpath
More locations can be added with the 'searchPath' parameter.
	at liquibase.command.CommandScope.lambda$execute$6(CommandScope.java:300)
	at liquibase.Scope.child(Scope.java:210)
	at liquibase.Scope.child(Scope.java:186)
	at liquibase.command.CommandScope.execute(CommandScope.java:241)
	at liquibase.Liquibase.lambda$update$0(Liquibase.java:216)
	at liquibase.Scope.lambda$child$0(Scope.java:201)
	at liquibase.Scope.child(Scope.java:210)
	at liquibase.Scope.child(Scope.java:200)
	at liquibase.Scope.child(Scope.java:179)
	at liquibase.Liquibase.runInScope(Liquibase.java:1333)
	at liquibase.Liquibase.update(Liquibase.java:205)
	at liquibase.Liquibase.update(Liquibase.java:188)
	at liquibase.integration.spring.SpringLiquibase.performUpdate(SpringLiquibase.java:326)
	at liquibase.integration.spring.SpringLiquibase.lambda$afterPropertiesSet$0(SpringLiquibase.java:278)
	at liquibase.Scope.lambda$child$0(Scope.java:201)
	at liquibase.Scope.child(Scope.java:210)
	at liquibase.Scope.child(Scope.java:200)
	at liquibase.Scope.child(Scope.java:179)
	at liquibase.integration.spring.SpringLiquibase.afterPropertiesSet(SpringLiquibase.java:271)
	... 118 common frames omitted
Caused by: liquibase.exception.ChangeLogParseException: liquibase.exception.SetupException: The file db/changelog/data/04-truncate-tables was not found in the configured search path:
    - Spring classpath
More locations can be added with the 'searchPath' parameter.
	at liquibase.parser.core.xml.AbstractChangeLogParser.parse(AbstractChangeLogParser.java:25)
	at liquibase.command.core.helpers.DatabaseChangelogCommandStep.lambda$getDatabaseChangeLog$0(DatabaseChangelogCommandStep.java:125)
	at liquibase.Scope.child(Scope.java:210)
	at liquibase.Scope.child(Scope.java:186)
	at liquibase.command.core.helpers.DatabaseChangelogCommandStep.getDatabaseChangeLog(DatabaseChangelogCommandStep.java:124)
	at liquibase.command.core.helpers.DatabaseChangelogCommandStep.run(DatabaseChangelogCommandStep.java:83)
	at liquibase.command.CommandScope.lambda$execute$6(CommandScope.java:253)
	... 136 common frames omitted
Caused by: liquibase.exception.SetupException: The file db/changelog/data/04-truncate-tables was not found in the configured search path:
    - Spring classpath
More locations can be added with the 'searchPath' parameter.
	at liquibase.changelog.DatabaseChangeLog.handleInclude(DatabaseChangeLog.java:655)
	at liquibase.changelog.DatabaseChangeLog.handleChildNodeHelper(DatabaseChangeLog.java:477)
	at liquibase.changelog.DatabaseChangeLog.handleChildNode(DatabaseChangeLog.java:462)
	at liquibase.changelog.DatabaseChangeLog.load(DatabaseChangeLog.java:429)
	at liquibase.parser.core.xml.AbstractChangeLogParser.parse(AbstractChangeLogParser.java:23)
	... 142 common frames omitted
Caused by: liquibase.exception.LiquibaseException: The file db/changelog/data/04-truncate-tables was not found in the configured search path:
    - Spring classpath
More locations can be added with the 'searchPath' parameter.
	at liquibase.changelog.DatabaseChangeLog.include(DatabaseChangeLog.java:1110)
	at liquibase.changelog.DatabaseChangeLog.handleInclude(DatabaseChangeLog.java:644)
	... 146 common frames omitted
Caused by: liquibase.exception.ChangeLogParseException: The file db/changelog/data/04-truncate-tables was not found in the configured search path:
    - Spring classpath
More locations can be added with the 'searchPath' parameter.
	at liquibase.changelog.DatabaseChangeLog.include(DatabaseChangeLog.java:1071)
	... 147 common frames omitted
2026-01-13 19:05:41 INFO  [background-preinit] o.h.validator.internal.util.Version - HV000001: Hibernate Validator 8.0.2.Final
2026-01-13 19:05:41 INFO  [main] d.t.g.GardenStoreApplication - Starting GardenStoreApplication using Java 21.0.7 with PID 30845 (/Users/nkond/IdeaProjects/gardenStore/target/classes started by nkond in /Users/nkond/IdeaProjects/gardenStore)
2026-01-13 19:05:41 INFO  [main] d.t.g.GardenStoreApplication - No active profile set, falling back to 1 default profile: "default"
2026-01-13 19:05:42 INFO  [main] o.s.d.r.c.RepositoryConfigurationDelegate - Bootstrapping Spring Data JPA repositories in DEFAULT mode.
2026-01-13 19:05:42 INFO  [main] o.s.d.r.c.RepositoryConfigurationDelegate - Finished Spring Data repository scanning in 35 ms. Found 7 JPA repository interfaces.
2026-01-13 19:05:42 DEBUG [main] o.s.a.a.a.ReflectiveAspectJAdvisorFactory - Found AspectJ method: public java.lang.Object de.telran.gardenStore.aop.LoggingAspect.logMethodInput(org.aspectj.lang.ProceedingJoinPoint) throws java.lang.Throwable
2026-01-13 19:05:42 INFO  [main] o.s.b.w.e.tomcat.TomcatWebServer - Tomcat initialized with port 8080 (http)
2026-01-13 19:05:42 INFO  [main] o.a.coyote.http11.Http11NioProtocol - Initializing ProtocolHandler ["http-nio-0.0.0.0-8080"]
2026-01-13 19:05:42 INFO  [main] o.a.catalina.core.StandardService - Starting service [Tomcat]
2026-01-13 19:05:42 INFO  [main] o.a.catalina.core.StandardEngine - Starting Servlet engine: [Apache Tomcat/10.1.42]
2026-01-13 19:05:43 INFO  [main] o.a.c.c.C.[Tomcat].[localhost].[/] - Initializing Spring embedded WebApplicationContext
2026-01-13 19:05:43 INFO  [main] o.s.b.w.s.c.ServletWebServerApplicationContext - Root WebApplicationContext: initialization completed in 1000 ms
2026-01-13 19:05:43 INFO  [main] com.zaxxer.hikari.HikariDataSource - HikariPool-1 - Starting...
2026-01-13 19:05:43 INFO  [main] com.zaxxer.hikari.pool.HikariPool - HikariPool-1 - Added connection org.postgresql.jdbc.PgConnection@ff03361
2026-01-13 19:05:43 INFO  [main] com.zaxxer.hikari.HikariDataSource - HikariPool-1 - Start completed.
2026-01-13 19:05:43 INFO  [main] liquibase.database - Set default schema name to public
2026-01-13 19:05:43 INFO  [main] liquibase.changelog - Creating database history table with name: public.databasechangelog
2026-01-13 19:05:43 INFO  [main] liquibase.changelog - Reading from public.databasechangelog
2026-01-13 19:05:43 INFO  [main] liquibase.command - Logging exception.
2026-01-13 19:05:43 INFO  [main] liquibase.ui - ERROR: Exception Details
2026-01-13 19:05:43 INFO  [main] liquibase.ui - ERROR: Exception Primary Class:  ChangeLogParseException
2026-01-13 19:05:43 INFO  [main] liquibase.ui - ERROR: Exception Primary Reason:  The file db/changelog/data/04-truncate-tables was not found in the configured search path:
    - Spring classpath
More locations can be added with the 'searchPath' parameter.
2026-01-13 19:05:43 INFO  [main] liquibase.ui - ERROR: Exception Primary Source:  4.31.1
2026-01-13 19:05:43 INFO  [main] liquibase.command - Command execution complete
2026-01-13 19:05:43 ERROR [main] o.s.b.w.e.tomcat.TomcatStarter - Error starting Tomcat context. Exception: org.springframework.beans.factory.UnsatisfiedDependencyException. Message: Error creating bean with name 'jwtAuthFilter' defined in file [/Users/nkond/IdeaProjects/gardenStore/target/classes/de/telran/gardenStore/service/security/JwtAuthFilter.class]: Unsatisfied dependency expressed through constructor parameter 1: Error creating bean with name 'userDetailServiceImpl' defined in file [/Users/nkond/IdeaProjects/gardenStore/target/classes/de/telran/gardenStore/service/security/UserDetailServiceImpl.class]: Unsatisfied dependency expressed through constructor parameter 0: Error creating bean with name 'userServiceImpl' defined in file [/Users/nkond/IdeaProjects/gardenStore/target/classes/de/telran/gardenStore/service/UserServiceImpl.class]: Unsatisfied dependency expressed through constructor parameter 0: Error creating bean with name 'userRepository' defined in de.telran.gardenStore.repository.UserRepository defined in @EnableJpaRepositories declared on JpaRepositoriesRegistrar.EnableJpaRepositoriesConfiguration: Cannot resolve reference to bean 'jpaSharedEM_entityManagerFactory' while setting bean property 'entityManager'
2026-01-13 19:05:43 INFO  [main] o.a.catalina.core.StandardService - Stopping service [Tomcat]
2026-01-13 19:05:43 WARN  [main] o.a.c.loader.WebappClassLoaderBase - The web application [ROOT] appears to have started a thread named [HikariPool-1:housekeeper] but has failed to stop it. This is very likely to create a memory leak. Stack trace of thread:
 java.base/jdk.internal.misc.Unsafe.park(Native Method)
 java.base/java.util.concurrent.locks.LockSupport.parkNanos(LockSupport.java:269)
 java.base/java.util.concurrent.locks.AbstractQueuedSynchronizer$ConditionObject.awaitNanos(AbstractQueuedSynchronizer.java:1763)
 java.base/java.util.concurrent.ScheduledThreadPoolExecutor$DelayedWorkQueue.take(ScheduledThreadPoolExecutor.java:1182)
 java.base/java.util.concurrent.ScheduledThreadPoolExecutor$DelayedWorkQueue.take(ScheduledThreadPoolExecutor.java:899)
 java.base/java.util.concurrent.ThreadPoolExecutor.getTask(ThreadPoolExecutor.java:1070)
 java.base/java.util.concurrent.ThreadPoolExecutor.runWorker(ThreadPoolExecutor.java:1130)
 java.base/java.util.concurrent.ThreadPoolExecutor$Worker.run(ThreadPoolExecutor.java:642)
 java.base/java.lang.Thread.run(Thread.java:1583)
2026-01-13 19:05:43 WARN  [main] o.a.c.loader.WebappClassLoaderBase - The web application [ROOT] appears to have started a thread named [HikariPool-1:connection-adder] but has failed to stop it. This is very likely to create a memory leak. Stack trace of thread:
 java.base/jdk.internal.misc.Unsafe.park(Native Method)
 java.base/java.util.concurrent.locks.LockSupport.parkNanos(LockSupport.java:269)
 java.base/java.util.concurrent.locks.AbstractQueuedSynchronizer$ConditionObject.awaitNanos(AbstractQueuedSynchronizer.java:1763)
 java.base/java.util.concurrent.LinkedBlockingQueue.poll(LinkedBlockingQueue.java:460)
 java.base/java.util.concurrent.ThreadPoolExecutor.getTask(ThreadPoolExecutor.java:1069)
 java.base/java.util.concurrent.ThreadPoolExecutor.runWorker(ThreadPoolExecutor.java:1130)
 java.base/java.util.concurrent.ThreadPoolExecutor$Worker.run(ThreadPoolExecutor.java:642)
 java.base/java.lang.Thread.run(Thread.java:1583)
2026-01-13 19:05:43 WARN  [main] o.s.b.w.s.c.AnnotationConfigServletWebServerApplicationContext - Exception encountered during context initialization - cancelling refresh attempt: org.springframework.context.ApplicationContextException: Unable to start web server
2026-01-13 19:05:43 INFO  [main] com.zaxxer.hikari.HikariDataSource - HikariPool-1 - Shutdown initiated...
2026-01-13 19:05:43 INFO  [main] com.zaxxer.hikari.HikariDataSource - HikariPool-1 - Shutdown completed.
2026-01-13 19:05:43 INFO  [main] o.s.b.a.l.ConditionEvaluationReportLogger - 

Error starting ApplicationContext. To display the condition evaluation report re-run your application with 'debug' enabled.
2026-01-13 19:05:43 ERROR [main] o.s.boot.SpringApplication - Application run failed
org.springframework.context.ApplicationContextException: Unable to start web server
	at org.springframework.boot.web.servlet.context.ServletWebServerApplicationContext.onRefresh(ServletWebServerApplicationContext.java:170)
	at org.springframework.context.support.AbstractApplicationContext.refresh(AbstractApplicationContext.java:621)
	at org.springframework.boot.web.servlet.context.ServletWebServerApplicationContext.refresh(ServletWebServerApplicationContext.java:146)
	at org.springframework.boot.SpringApplication.refresh(SpringApplication.java:752)
	at org.springframework.boot.SpringApplication.refreshContext(SpringApplication.java:439)
	at org.springframework.boot.SpringApplication.run(SpringApplication.java:318)
	at org.springframework.boot.SpringApplication.run(SpringApplication.java:1361)
	at org.springframework.boot.SpringApplication.run(SpringApplication.java:1350)
	at de.telran.gardenStore.GardenStoreApplication.main(GardenStoreApplication.java:14)
Caused by: org.springframework.boot.web.server.WebServerException: Unable to start embedded Tomcat
	at org.springframework.boot.web.embedded.tomcat.TomcatWebServer.initialize(TomcatWebServer.java:147)
	at org.springframework.boot.web.embedded.tomcat.TomcatWebServer.<init>(TomcatWebServer.java:107)
	at org.springframework.boot.web.embedded.tomcat.TomcatServletWebServerFactory.getTomcatWebServer(TomcatServletWebServerFactory.java:517)
	at org.springframework.boot.web.embedded.tomcat.TomcatServletWebServerFactory.getWebServer(TomcatServletWebServerFactory.java:219)
	at org.springframework.boot.web.servlet.context.ServletWebServerApplicationContext.createWebServer(ServletWebServerApplicationContext.java:193)
	at org.springframework.boot.web.servlet.context.ServletWebServerApplicationContext.onRefresh(ServletWebServerApplicationContext.java:167)
	... 8 common frames omitted
Caused by: org.springframework.beans.factory.UnsatisfiedDependencyException: Error creating bean with name 'jwtAuthFilter' defined in file [/Users/nkond/IdeaProjects/gardenStore/target/classes/de/telran/gardenStore/service/security/JwtAuthFilter.class]: Unsatisfied dependency expressed through constructor parameter 1: Error creating bean with name 'userDetailServiceImpl' defined in file [/Users/nkond/IdeaProjects/gardenStore/target/classes/de/telran/gardenStore/service/security/UserDetailServiceImpl.class]: Unsatisfied dependency expressed through constructor parameter 0: Error creating bean with name 'userServiceImpl' defined in file [/Users/nkond/IdeaProjects/gardenStore/target/classes/de/telran/gardenStore/service/UserServiceImpl.class]: Unsatisfied dependency expressed through constructor parameter 0: Error creating bean with name 'userRepository' defined in de.telran.gardenStore.repository.UserRepository defined in @EnableJpaRepositories declared on JpaRepositoriesRegistrar.EnableJpaRepositoriesConfiguration: Cannot resolve reference to bean 'jpaSharedEM_entityManagerFactory' while setting bean property 'entityManager'
	at org.springframework.beans.factory.support.ConstructorResolver.createArgumentArray(ConstructorResolver.java:804)
	at org.springframework.beans.factory.support.ConstructorResolver.autowireConstructor(ConstructorResolver.java:240)
	at org.springframework.beans.factory.support.AbstractAutowireCapableBeanFactory.autowireConstructor(AbstractAutowireCapableBeanFactory.java:1395)
	at org.springframework.beans.factory.support.AbstractAutowireCapableBeanFactory.createBeanInstance(AbstractAutowireCapableBeanFactory.java:1232)
	at org.springframework.beans.factory.support.AbstractAutowireCapableBeanFactory.doCreateBean(AbstractAutowireCapableBeanFactory.java:569)
	at org.springframework.beans.factory.support.AbstractAutowireCapableBeanFactory.createBean(AbstractAutowireCapableBeanFactory.java:529)
	at org.springframework.beans.factory.support.AbstractBeanFactory.lambda$doGetBean$0(AbstractBeanFactory.java:339)
	at org.springframework.beans.factory.support.DefaultSingletonBeanRegistry.getSingleton(DefaultSingletonBeanRegistry.java:373)
	at org.springframework.beans.factory.support.AbstractBeanFactory.doGetBean(AbstractBeanFactory.java:337)
	at org.springframework.beans.factory.support.AbstractBeanFactory.getBean(AbstractBeanFactory.java:207)
	at org.springframework.boot.web.servlet.ServletContextInitializerBeans.getOrderedBeansOfType(ServletContextInitializerBeans.java:230)
	at org.springframework.boot.web.servlet.ServletContextInitializerBeans.addAsRegistrationBean(ServletContextInitializerBeans.java:184)
	at org.springframework.boot.web.servlet.ServletContextInitializerBeans.addAsRegistrationBean(ServletContextInitializerBeans.java:179)
	at org.springframework.boot.web.servlet.ServletContextInitializerBeans.addAdaptableBeans(ServletContextInitializerBeans.java:164)
	at org.springframework.boot.web.servlet.ServletContextInitializerBeans.<init>(ServletContextInitializerBeans.java:96)
	at org.springframework.boot.web.servlet.context.ServletWebServerApplicationContext.getServletContextInitializerBeans(ServletWebServerApplicationContext.java:271)
	at org.springframework.boot.web.servlet.context.ServletWebServerApplicationContext.selfInitialize(ServletWebServerApplicationContext.java:245)
	at org.springframework.boot.web.embedded.tomcat.TomcatStarter.onStartup(TomcatStarter.java:52)
	at org.apache.catalina.core.StandardContext.startInternal(StandardContext.java:4464)
	at org.apache.catalina.util.LifecycleBase.start(LifecycleBase.java:164)
	at org.apache.catalina.core.ContainerBase$StartChild.call(ContainerBase.java:1203)
	at org.apache.catalina.core.ContainerBase$StartChild.call(ContainerBase.java:1193)
	at java.base/java.util.concurrent.FutureTask.run(FutureTask.java:317)
	at org.apache.tomcat.util.threads.InlineExecutorService.execute(InlineExecutorService.java:75)
	at java.base/java.util.concurrent.AbstractExecutorService.submit(AbstractExecutorService.java:145)
	at org.apache.catalina.core.ContainerBase.startInternal(ContainerBase.java:749)
	at org.apache.catalina.core.StandardHost.startInternal(StandardHost.java:772)
	at org.apache.catalina.util.LifecycleBase.start(LifecycleBase.java:164)
	at org.apache.catalina.core.ContainerBase$StartChild.call(ContainerBase.java:1203)
	at org.apache.catalina.core.ContainerBase$StartChild.call(ContainerBase.java:1193)
	at java.base/java.util.concurrent.FutureTask.run(FutureTask.java:317)
	at org.apache.tomcat.util.threads.InlineExecutorService.execute(InlineExecutorService.java:75)
	at java.base/java.util.concurrent.AbstractExecutorService.submit(AbstractExecutorService.java:145)
	at org.apache.catalina.core.ContainerBase.startInternal(ContainerBase.java:749)
	at org.apache.catalina.core.StandardEngine.startInternal(StandardEngine.java:203)
	at org.apache.catalina.util.LifecycleBase.start(LifecycleBase.java:164)
	at org.apache.catalina.core.StandardService.startInternal(StandardService.java:412)
	at org.apache.catalina.util.LifecycleBase.start(LifecycleBase.java:164)
	at org.apache.catalina.core.StandardServer.startInternal(StandardServer.java:870)
	at org.apache.catalina.util.LifecycleBase.start(LifecycleBase.java:164)
	at org.apache.catalina.startup.Tomcat.start(Tomcat.java:438)
	at org.springframework.boot.web.embedded.tomcat.TomcatWebServer.initialize(TomcatWebServer.java:128)
	... 13 common frames omitted
Caused by: org.springframework.beans.factory.UnsatisfiedDependencyException: Error creating bean with name 'userDetailServiceImpl' defined in file [/Users/nkond/IdeaProjects/gardenStore/target/classes/de/telran/gardenStore/service/security/UserDetailServiceImpl.class]: Unsatisfied dependency expressed through constructor parameter 0: Error creating bean with name 'userServiceImpl' defined in file [/Users/nkond/IdeaProjects/gardenStore/target/classes/de/telran/gardenStore/service/UserServiceImpl.class]: Unsatisfied dependency expressed through constructor parameter 0: Error creating bean with name 'userRepository' defined in de.telran.gardenStore.repository.UserRepository defined in @EnableJpaRepositories declared on JpaRepositoriesRegistrar.EnableJpaRepositoriesConfiguration: Cannot resolve reference to bean 'jpaSharedEM_entityManagerFactory' while setting bean property 'entityManager'
	at org.springframework.beans.factory.support.ConstructorResolver.createArgumentArray(ConstructorResolver.java:804)
	at org.springframework.beans.factory.support.ConstructorResolver.autowireConstructor(ConstructorResolver.java:240)
	at org.springframework.beans.factory.support.AbstractAutowireCapableBeanFactory.autowireConstructor(AbstractAutowireCapableBeanFactory.java:1395)
	at org.springframework.beans.factory.support.AbstractAutowireCapableBeanFactory.createBeanInstance(AbstractAutowireCapableBeanFactory.java:1232)
	at org.springframework.beans.factory.support.AbstractAutowireCapableBeanFactory.doCreateBean(AbstractAutowireCapableBeanFactory.java:569)
	at org.springframework.beans.factory.support.AbstractAutowireCapableBeanFactory.createBean(AbstractAutowireCapableBeanFactory.java:529)
	at org.springframework.beans.factory.support.AbstractBeanFactory.lambda$doGetBean$0(AbstractBeanFactory.java:339)
	at org.springframework.beans.factory.support.DefaultSingletonBeanRegistry.getSingleton(DefaultSingletonBeanRegistry.java:373)
	at org.springframework.beans.factory.support.AbstractBeanFactory.doGetBean(AbstractBeanFactory.java:337)
	at org.springframework.beans.factory.support.AbstractBeanFactory.getBean(AbstractBeanFactory.java:202)
	at org.springframework.beans.factory.config.DependencyDescriptor.resolveCandidate(DependencyDescriptor.java:254)
	at org.springframework.beans.factory.support.DefaultListableBeanFactory.doResolveDependency(DefaultListableBeanFactory.java:1745)
	at org.springframework.beans.factory.support.DefaultListableBeanFactory.resolveDependency(DefaultListableBeanFactory.java:1628)
	at org.springframework.beans.factory.support.ConstructorResolver.resolveAutowiredArgument(ConstructorResolver.java:913)
	at org.springframework.beans.factory.support.ConstructorResolver.createArgumentArray(ConstructorResolver.java:791)
	... 54 common frames omitted
Caused by: org.springframework.beans.factory.UnsatisfiedDependencyException: Error creating bean with name 'userServiceImpl' defined in file [/Users/nkond/IdeaProjects/gardenStore/target/classes/de/telran/gardenStore/service/UserServiceImpl.class]: Unsatisfied dependency expressed through constructor parameter 0: Error creating bean with name 'userRepository' defined in de.telran.gardenStore.repository.UserRepository defined in @EnableJpaRepositories declared on JpaRepositoriesRegistrar.EnableJpaRepositoriesConfiguration: Cannot resolve reference to bean 'jpaSharedEM_entityManagerFactory' while setting bean property 'entityManager'
	at org.springframework.beans.factory.support.ConstructorResolver.createArgumentArray(ConstructorResolver.java:804)
	at org.springframework.beans.factory.support.ConstructorResolver.autowireConstructor(ConstructorResolver.java:240)
	at org.springframework.beans.factory.support.AbstractAutowireCapableBeanFactory.autowireConstructor(AbstractAutowireCapableBeanFactory.java:1395)
	at org.springframework.beans.factory.support.AbstractAutowireCapableBeanFactory.createBeanInstance(AbstractAutowireCapableBeanFactory.java:1232)
	at org.springframework.beans.factory.support.AbstractAutowireCapableBeanFactory.doCreateBean(AbstractAutowireCapableBeanFactory.java:569)
	at org.springframework.beans.factory.support.AbstractAutowireCapableBeanFactory.createBean(AbstractAutowireCapableBeanFactory.java:529)
	at org.springframework.beans.factory.support.AbstractBeanFactory.lambda$doGetBean$0(AbstractBeanFactory.java:339)
	at org.springframework.beans.factory.support.DefaultSingletonBeanRegistry.getSingleton(DefaultSingletonBeanRegistry.java:373)
	at org.springframework.beans.factory.support.AbstractBeanFactory.doGetBean(AbstractBeanFactory.java:337)
	at org.springframework.beans.factory.support.AbstractBeanFactory.getBean(AbstractBeanFactory.java:202)
	at org.springframework.beans.factory.config.DependencyDescriptor.resolveCandidate(DependencyDescriptor.java:254)
	at org.springframework.beans.factory.support.DefaultListableBeanFactory.doResolveDependency(DefaultListableBeanFactory.java:1745)
	at org.springframework.beans.factory.support.DefaultListableBeanFactory.resolveDependency(DefaultListableBeanFactory.java:1628)
	at org.springframework.beans.factory.support.ConstructorResolver.resolveAutowiredArgument(ConstructorResolver.java:913)
	at org.springframework.beans.factory.support.ConstructorResolver.createArgumentArray(ConstructorResolver.java:791)
	... 68 common frames omitted
Caused by: org.springframework.beans.factory.BeanCreationException: Error creating bean with name 'userRepository' defined in de.telran.gardenStore.repository.UserRepository defined in @EnableJpaRepositories declared on JpaRepositoriesRegistrar.EnableJpaRepositoriesConfiguration: Cannot resolve reference to bean 'jpaSharedEM_entityManagerFactory' while setting bean property 'entityManager'
	at org.springframework.beans.factory.support.BeanDefinitionValueResolver.resolveReference(BeanDefinitionValueResolver.java:377)
	at org.springframework.beans.factory.support.BeanDefinitionValueResolver.resolveValueIfNecessary(BeanDefinitionValueResolver.java:135)
	at org.springframework.beans.factory.support.AbstractAutowireCapableBeanFactory.applyPropertyValues(AbstractAutowireCapableBeanFactory.java:1725)
	at org.springframework.beans.factory.support.AbstractAutowireCapableBeanFactory.populateBean(AbstractAutowireCapableBeanFactory.java:1474)
	at org.springframework.beans.factory.support.AbstractAutowireCapableBeanFactory.doCreateBean(AbstractAutowireCapableBeanFactory.java:606)
	at org.springframework.beans.factory.support.AbstractAutowireCapableBeanFactory.createBean(AbstractAutowireCapableBeanFactory.java:529)
	at org.springframework.beans.factory.support.AbstractBeanFactory.lambda$doGetBean$0(AbstractBeanFactory.java:339)
	at org.springframework.beans.factory.support.DefaultSingletonBeanRegistry.getSingleton(DefaultSingletonBeanRegistry.java:373)
	at org.springframework.beans.factory.support.AbstractBeanFactory.doGetBean(AbstractBeanFactory.java:337)
	at org.springframework.beans.factory.support.AbstractBeanFactory.getBean(AbstractBeanFactory.java:202)
	at org.springframework.beans.factory.support.DefaultListableBeanFactory.doResolveDependency(DefaultListableBeanFactory.java:1683)
	at org.springframework.beans.factory.support.DefaultListableBeanFactory.resolveDependency(DefaultListableBeanFactory.java:1628)
	at org.springframework.beans.factory.support.ConstructorResolver.resolveAutowiredArgument(ConstructorResolver.java:913)
	at org.springframework.beans.factory.support.ConstructorResolver.createArgumentArray(ConstructorResolver.java:791)
	... 82 common frames omitted
Caused by: org.springframework.beans.factory.BeanCreationException: Error creating bean with name 'jpaSharedEM_entityManagerFactory': Cannot resolve reference to bean 'entityManagerFactory' while setting constructor argument
	at org.springframework.beans.factory.support.BeanDefinitionValueResolver.resolveReference(BeanDefinitionValueResolver.java:377)
	at org.springframework.beans.factory.support.BeanDefinitionValueResolver.resolveValueIfNecessary(BeanDefinitionValueResolver.java:135)
	at org.springframework.beans.factory.support.ConstructorResolver.resolveConstructorArguments(ConstructorResolver.java:691)
	at org.springframework.beans.factory.support.ConstructorResolver.instantiateUsingFactoryMethod(ConstructorResolver.java:513)
	at org.springframework.beans.factory.support.AbstractAutowireCapableBeanFactory.instantiateUsingFactoryMethod(AbstractAutowireCapableBeanFactory.java:1375)
	at org.springframework.beans.factory.support.AbstractAutowireCapableBeanFactory.createBeanInstance(AbstractAutowireCapableBeanFactory.java:1205)
	at org.springframework.beans.factory.support.AbstractAutowireCapableBeanFactory.doCreateBean(AbstractAutowireCapableBeanFactory.java:569)
	at org.springframework.beans.factory.support.AbstractAutowireCapableBeanFactory.createBean(AbstractAutowireCapableBeanFactory.java:529)
	at org.springframework.beans.factory.support.AbstractBeanFactory.lambda$doGetBean$0(AbstractBeanFactory.java:339)
	at org.springframework.beans.factory.support.DefaultSingletonBeanRegistry.getSingleton(DefaultSingletonBeanRegistry.java:373)
	at org.springframework.beans.factory.support.AbstractBeanFactory.doGetBean(AbstractBeanFactory.java:337)
	at org.springframework.beans.factory.support.AbstractBeanFactory.getBean(AbstractBeanFactory.java:202)
	at org.springframework.beans.factory.support.BeanDefinitionValueResolver.resolveReference(BeanDefinitionValueResolver.java:365)
	... 95 common frames omitted
Caused by: org.springframework.beans.factory.BeanCreationException: Error creating bean with name 'liquibase' defined in class path resource [org/springframework/boot/autoconfigure/liquibase/LiquibaseAutoConfiguration$LiquibaseConfiguration.class]: liquibase.exception.CommandExecutionException: liquibase.exception.ChangeLogParseException: liquibase.exception.SetupException: The file db/changelog/data/04-truncate-tables was not found in the configured search path:
    - Spring classpath
More locations can be added with the 'searchPath' parameter.
	at org.springframework.beans.factory.support.AbstractAutowireCapableBeanFactory.initializeBean(AbstractAutowireCapableBeanFactory.java:1826)
	at org.springframework.beans.factory.support.AbstractAutowireCapableBeanFactory.doCreateBean(AbstractAutowireCapableBeanFactory.java:607)
	at org.springframework.beans.factory.support.AbstractAutowireCapableBeanFactory.createBean(AbstractAutowireCapableBeanFactory.java:529)
	at org.springframework.beans.factory.support.AbstractBeanFactory.lambda$doGetBean$0(AbstractBeanFactory.java:339)
	at org.springframework.beans.factory.support.DefaultSingletonBeanRegistry.getSingleton(DefaultSingletonBeanRegistry.java:373)
	at org.springframework.beans.factory.support.AbstractBeanFactory.doGetBean(AbstractBeanFactory.java:337)
	at org.springframework.beans.factory.support.AbstractBeanFactory.getBean(AbstractBeanFactory.java:202)
	at org.springframework.beans.factory.support.AbstractBeanFactory.doGetBean(AbstractBeanFactory.java:315)
	at org.springframework.beans.factory.support.AbstractBeanFactory.getBean(AbstractBeanFactory.java:202)
	at org.springframework.beans.factory.support.BeanDefinitionValueResolver.resolveReference(BeanDefinitionValueResolver.java:365)
	... 107 common frames omitted
Caused by: liquibase.exception.LiquibaseException: liquibase.exception.CommandExecutionException: liquibase.exception.ChangeLogParseException: liquibase.exception.SetupException: The file db/changelog/data/04-truncate-tables was not found in the configured search path:
    - Spring classpath
More locations can be added with the 'searchPath' parameter.
	at liquibase.integration.spring.SpringLiquibase.afterPropertiesSet(SpringLiquibase.java:288)
	at org.springframework.beans.factory.support.AbstractAutowireCapableBeanFactory.invokeInitMethods(AbstractAutowireCapableBeanFactory.java:1873)
	at org.springframework.beans.factory.support.AbstractAutowireCapableBeanFactory.initializeBean(AbstractAutowireCapableBeanFactory.java:1822)
	... 116 common frames omitted
Caused by: liquibase.exception.CommandExecutionException: liquibase.exception.ChangeLogParseException: liquibase.exception.SetupException: The file db/changelog/data/04-truncate-tables was not found in the configured search path:
    - Spring classpath
More locations can be added with the 'searchPath' parameter.
	at liquibase.command.CommandScope.lambda$execute$6(CommandScope.java:300)
	at liquibase.Scope.child(Scope.java:210)
	at liquibase.Scope.child(Scope.java:186)
	at liquibase.command.CommandScope.execute(CommandScope.java:241)
	at liquibase.Liquibase.lambda$update$0(Liquibase.java:216)
	at liquibase.Scope.lambda$child$0(Scope.java:201)
	at liquibase.Scope.child(Scope.java:210)
	at liquibase.Scope.child(Scope.java:200)
	at liquibase.Scope.child(Scope.java:179)
	at liquibase.Liquibase.runInScope(Liquibase.java:1333)
	at liquibase.Liquibase.update(Liquibase.java:205)
	at liquibase.Liquibase.update(Liquibase.java:188)
	at liquibase.integration.spring.SpringLiquibase.performUpdate(SpringLiquibase.java:326)
	at liquibase.integration.spring.SpringLiquibase.lambda$afterPropertiesSet$0(SpringLiquibase.java:278)
	at liquibase.Scope.lambda$child$0(Scope.java:201)
	at liquibase.Scope.child(Scope.java:210)
	at liquibase.Scope.child(Scope.java:200)
	at liquibase.Scope.child(Scope.java:179)
	at liquibase.integration.spring.SpringLiquibase.afterPropertiesSet(SpringLiquibase.java:271)
	... 118 common frames omitted
Caused by: liquibase.exception.ChangeLogParseException: liquibase.exception.SetupException: The file db/changelog/data/04-truncate-tables was not found in the configured search path:
    - Spring classpath
More locations can be added with the 'searchPath' parameter.
	at liquibase.parser.core.xml.AbstractChangeLogParser.parse(AbstractChangeLogParser.java:25)
	at liquibase.command.core.helpers.DatabaseChangelogCommandStep.lambda$getDatabaseChangeLog$0(DatabaseChangelogCommandStep.java:125)
	at liquibase.Scope.child(Scope.java:210)
	at liquibase.Scope.child(Scope.java:186)
	at liquibase.command.core.helpers.DatabaseChangelogCommandStep.getDatabaseChangeLog(DatabaseChangelogCommandStep.java:124)
	at liquibase.command.core.helpers.DatabaseChangelogCommandStep.run(DatabaseChangelogCommandStep.java:83)
	at liquibase.command.CommandScope.lambda$execute$6(CommandScope.java:253)
	... 136 common frames omitted
Caused by: liquibase.exception.SetupException: The file db/changelog/data/04-truncate-tables was not found in the configured search path:
    - Spring classpath
More locations can be added with the 'searchPath' parameter.
	at liquibase.changelog.DatabaseChangeLog.handleInclude(DatabaseChangeLog.java:655)
	at liquibase.changelog.DatabaseChangeLog.handleChildNodeHelper(DatabaseChangeLog.java:477)
	at liquibase.changelog.DatabaseChangeLog.handleChildNode(DatabaseChangeLog.java:462)
	at liquibase.changelog.DatabaseChangeLog.load(DatabaseChangeLog.java:429)
	at liquibase.parser.core.xml.AbstractChangeLogParser.parse(AbstractChangeLogParser.java:23)
	... 142 common frames omitted
Caused by: liquibase.exception.LiquibaseException: The file db/changelog/data/04-truncate-tables was not found in the configured search path:
    - Spring classpath
More locations can be added with the 'searchPath' parameter.
	at liquibase.changelog.DatabaseChangeLog.include(DatabaseChangeLog.java:1110)
	at liquibase.changelog.DatabaseChangeLog.handleInclude(DatabaseChangeLog.java:644)
	... 146 common frames omitted
Caused by: liquibase.exception.ChangeLogParseException: The file db/changelog/data/04-truncate-tables was not found in the configured search path:
    - Spring classpath
More locations can be added with the 'searchPath' parameter.
	at liquibase.changelog.DatabaseChangeLog.include(DatabaseChangeLog.java:1071)
	... 147 common frames omitted
2026-01-13 19:08:10 INFO  [background-preinit] o.h.validator.internal.util.Version - HV000001: Hibernate Validator 8.0.2.Final
2026-01-13 19:08:10 INFO  [main] d.t.g.GardenStoreApplication - Starting GardenStoreApplication using Java 21.0.7 with PID 30901 (/Users/nkond/IdeaProjects/gardenStore/target/classes started by nkond in /Users/nkond/IdeaProjects/gardenStore)
2026-01-13 19:08:10 INFO  [main] d.t.g.GardenStoreApplication - No active profile set, falling back to 1 default profile: "default"
2026-01-13 19:08:10 INFO  [main] o.s.d.r.c.RepositoryConfigurationDelegate - Bootstrapping Spring Data JPA repositories in DEFAULT mode.
2026-01-13 19:08:10 INFO  [main] o.s.d.r.c.RepositoryConfigurationDelegate - Finished Spring Data repository scanning in 38 ms. Found 7 JPA repository interfaces.
2026-01-13 19:08:11 DEBUG [main] o.s.a.a.a.ReflectiveAspectJAdvisorFactory - Found AspectJ method: public java.lang.Object de.telran.gardenStore.aop.LoggingAspect.logMethodInput(org.aspectj.lang.ProceedingJoinPoint) throws java.lang.Throwable
2026-01-13 19:08:11 INFO  [main] o.s.b.w.e.tomcat.TomcatWebServer - Tomcat initialized with port 8080 (http)
2026-01-13 19:08:11 INFO  [main] o.a.coyote.http11.Http11NioProtocol - Initializing ProtocolHandler ["http-nio-0.0.0.0-8080"]
2026-01-13 19:08:11 INFO  [main] o.a.catalina.core.StandardService - Starting service [Tomcat]
2026-01-13 19:08:11 INFO  [main] o.a.catalina.core.StandardEngine - Starting Servlet engine: [Apache Tomcat/10.1.42]
2026-01-13 19:08:11 INFO  [main] o.a.c.c.C.[Tomcat].[localhost].[/] - Initializing Spring embedded WebApplicationContext
2026-01-13 19:08:11 INFO  [main] o.s.b.w.s.c.ServletWebServerApplicationContext - Root WebApplicationContext: initialization completed in 1043 ms
2026-01-13 19:08:11 INFO  [main] com.zaxxer.hikari.HikariDataSource - HikariPool-1 - Starting...
2026-01-13 19:08:11 INFO  [main] com.zaxxer.hikari.pool.HikariPool - HikariPool-1 - Added connection org.postgresql.jdbc.PgConnection@7e31062c
2026-01-13 19:08:11 INFO  [main] com.zaxxer.hikari.HikariDataSource - HikariPool-1 - Start completed.
2026-01-13 19:08:11 INFO  [main] liquibase.database - Set default schema name to public
2026-01-13 19:08:11 INFO  [main] liquibase.changelog - Creating database history table with name: public.databasechangelog
2026-01-13 19:08:11 INFO  [main] liquibase.changelog - Reading from public.databasechangelog
2026-01-13 19:08:11 INFO  [main] liquibase.snapshot - Creating snapshot
2026-01-13 19:08:12 INFO  [main] liquibase.lockservice - Successfully acquired change log lock
2026-01-13 19:08:12 INFO  [main] liquibase.command - Using deploymentId: 8327691419
2026-01-13 19:08:12 INFO  [main] liquibase.changelog - Reading from public.databasechangelog
2026-01-13 19:08:12 INFO  [main] liquibase.ui - Running Changeset: db/changelog/tables/01-create-tables.xml::01-create-app_users-table::nkond
2026-01-13 19:08:12 INFO  [main] liquibase.changelog - Table app_users created
2026-01-13 19:08:12 INFO  [main] liquibase.changelog - ChangeSet db/changelog/tables/01-create-tables.xml::01-create-app_users-table::nkond ran successfully in 10ms
2026-01-13 19:08:12 INFO  [main] liquibase.ui - Running Changeset: db/changelog/tables/01-create-tables.xml::02-create-categories-table::nkond
2026-01-13 19:08:12 INFO  [main] liquibase.changelog - Table categories created
2026-01-13 19:08:12 INFO  [main] liquibase.changelog - ChangeSet db/changelog/tables/01-create-tables.xml::02-create-categories-table::nkond ran successfully in 3ms
2026-01-13 19:08:12 INFO  [main] liquibase.ui - Running Changeset: db/changelog/tables/01-create-tables.xml::03-create-favorites-table::nkond
2026-01-13 19:08:12 INFO  [main] liquibase.changelog - Table favorites created
2026-01-13 19:08:12 INFO  [main] liquibase.changelog - Unique constraint added to favorites(user_id, product_id)
2026-01-13 19:08:12 INFO  [main] liquibase.changelog - ChangeSet db/changelog/tables/01-create-tables.xml::03-create-favorites-table::nkond ran successfully in 40ms
2026-01-13 19:08:12 INFO  [main] liquibase.ui - Running Changeset: db/changelog/tables/01-create-tables.xml::04-create-products-table::nkond
2026-01-13 19:08:12 INFO  [main] liquibase.changelog - Table products created
2026-01-13 19:08:12 INFO  [main] liquibase.changelog - ChangeSet db/changelog/tables/01-create-tables.xml::04-create-products-table::nkond ran successfully in 6ms
2026-01-13 19:08:12 INFO  [main] liquibase.ui - Running Changeset: db/changelog/tables/01-create-tables.xml::05-create-carts-table::nkond
2026-01-13 19:08:12 INFO  [main] liquibase.changelog - Table carts created
2026-01-13 19:08:12 INFO  [main] liquibase.changelog - ChangeSet db/changelog/tables/01-create-tables.xml::05-create-carts-table::nkond ran successfully in 3ms
2026-01-13 19:08:12 INFO  [main] liquibase.ui - Running Changeset: db/changelog/tables/01-create-tables.xml::06-create-cart_items-table::nkond
2026-01-13 19:08:12 INFO  [main] liquibase.changelog - Table cart_items created
2026-01-13 19:08:12 INFO  [main] liquibase.changelog - ChangeSet db/changelog/tables/01-create-tables.xml::06-create-cart_items-table::nkond ran successfully in 3ms
2026-01-13 19:08:12 INFO  [main] liquibase.ui - Running Changeset: db/changelog/tables/01-create-tables.xml::07-create-orders-table::nkond
2026-01-13 19:08:12 INFO  [main] liquibase.changelog - Table orders created
2026-01-13 19:08:12 INFO  [main] liquibase.changelog - ChangeSet db/changelog/tables/01-create-tables.xml::07-create-orders-table::nkond ran successfully in 3ms
2026-01-13 19:08:12 INFO  [main] liquibase.ui - Running Changeset: db/changelog/tables/01-create-tables.xml::08-create-order_items-table::nkond
2026-01-13 19:08:12 INFO  [main] liquibase.changelog - Table order_items created
2026-01-13 19:08:12 INFO  [main] liquibase.changelog - ChangeSet db/changelog/tables/01-create-tables.xml::08-create-order_items-table::nkond ran successfully in 3ms
2026-01-13 19:08:12 INFO  [main] liquibase.ui - Running Changeset: db/changelog/tables/01-create-tables.xml::09-create-user_roles-table::nkond
2026-01-13 19:08:12 INFO  [main] liquibase.changelog - Table user_roles created
2026-01-13 19:08:12 INFO  [main] liquibase.changelog - ChangeSet db/changelog/tables/01-create-tables.xml::09-create-user_roles-table::nkond ran successfully in 2ms
2026-01-13 19:08:12 INFO  [main] liquibase.ui - Running Changeset: db/changelog/tables/02-add-constraints.xml::10-add-constrains-for-products-table::nkond
2026-01-13 19:08:12 INFO  [main] liquibase.changelog - Foreign key constraint added to products (category_id)
2026-01-13 19:08:12 INFO  [main] liquibase.changelog - ChangeSet db/changelog/tables/02-add-constraints.xml::10-add-constrains-for-products-table::nkond ran successfully in 17ms
2026-01-13 19:08:12 INFO  [main] liquibase.ui - Running Changeset: db/changelog/tables/02-add-constraints.xml::11-add-constrains-for-favorites-table::nkond
2026-01-13 19:08:12 INFO  [main] liquibase.changelog - Foreign key constraint added to favorites (user_id)
2026-01-13 19:08:12 INFO  [main] liquibase.changelog - Foreign key constraint added to favorites (product_id)
2026-01-13 19:08:12 INFO  [main] liquibase.changelog - ChangeSet db/changelog/tables/02-add-constraints.xml::11-add-constrains-for-favorites-table::nkond ran successfully in 3ms
2026-01-13 19:08:12 INFO  [main] liquibase.ui - Running Changeset: db/changelog/tables/02-add-constraints.xml::12-add-constraints-to-app_users-role::nkond
2026-01-13 19:08:12 INFO  [main] liquibase.changelog - Foreign key constraint added to user_roles (user_id)
2026-01-13 19:08:12 INFO  [main] liquibase.changelog - Custom SQL executed
2026-01-13 19:08:12 INFO  [main] liquibase.changelog - ChangeSet db/changelog/tables/02-add-constraints.xml::12-add-constraints-to-app_users-role::nkond ran successfully in 6ms
2026-01-13 19:08:12 INFO  [main] liquibase.ui - Running Changeset: db/changelog/tables/02-add-constraints.xml::13-add-constrains-for-carts-table::nkond
2026-01-13 19:08:12 INFO  [main] liquibase.changelog - Foreign key constraint added to carts (user_id)
2026-01-13 19:08:12 INFO  [main] liquibase.changelog - ChangeSet db/changelog/tables/02-add-constraints.xml::13-add-constrains-for-carts-table::nkond ran successfully in 2ms
2026-01-13 19:08:12 INFO  [main] liquibase.ui - Running Changeset: db/changelog/tables/02-add-constraints.xml::14-add-constrains-for-cart_items-table::nkond
2026-01-13 19:08:12 INFO  [main] liquibase.changelog - Foreign key constraint added to cart_items (cart_id)
2026-01-13 19:08:12 INFO  [main] liquibase.changelog - Foreign key constraint added to cart_items (product_id)
2026-01-13 19:08:12 INFO  [main] liquibase.changelog - ChangeSet db/changelog/tables/02-add-constraints.xml::14-add-constrains-for-cart_items-table::nkond ran successfully in 2ms
2026-01-13 19:08:12 INFO  [main] liquibase.ui - Running Changeset: db/changelog/tables/02-add-constraints.xml::15-add-constrains-for-orders-table::nkond
2026-01-13 19:08:12 INFO  [main] liquibase.changelog - Foreign key constraint added to orders (user_id)
2026-01-13 19:08:12 INFO  [main] liquibase.changelog - Custom SQL executed
2026-01-13 19:08:12 INFO  [main] liquibase.changelog - ChangeSet db/changelog/tables/02-add-constraints.xml::15-add-constrains-for-orders-table::nkond ran successfully in 3ms
2026-01-13 19:08:12 INFO  [main] liquibase.ui - Running Changeset: db/changelog/tables/02-add-constraints.xml::16-add-constrains-for-order_items-table::nkond
2026-01-13 19:08:12 INFO  [main] liquibase.changelog - Foreign key constraint added to order_items (order_id)
2026-01-13 19:08:12 INFO  [main] liquibase.changelog - Foreign key constraint added to order_items (product_id)
2026-01-13 19:08:12 INFO  [main] liquibase.changelog - ChangeSet db/changelog/tables/02-add-constraints.xml::16-add-constrains-for-order_items-table::nkond ran successfully in 5ms
2026-01-13 19:08:12 INFO  [main] liquibase.ui - Running Changeset: db/changelog/tables/02-add-constraints.xml::17-add-unique-constraint-to-cart_items::nkond
2026-01-13 19:08:12 INFO  [main] liquibase.changelog - Unique constraint added to cart_items(cart_id, product_id)
2026-01-13 19:08:12 INFO  [main] liquibase.changelog - ChangeSet db/changelog/tables/02-add-constraints.xml::17-add-unique-constraint-to-cart_items::nkond ran successfully in 1ms
2026-01-13 19:08:12 INFO  [main] liquibase.ui - Running Changeset: db/changelog/tables/02-add-constraints.xml::18-add-unique-constraint-to-order_items::nkond
2026-01-13 19:08:12 INFO  [main] liquibase.changelog - Unique constraint added to order_items(order_id, product_id)
2026-01-13 19:08:12 INFO  [main] liquibase.changelog - ChangeSet db/changelog/tables/02-add-constraints.xml::18-add-unique-constraint-to-order_items::nkond ran successfully in 2ms
2026-01-13 19:08:12 INFO  [main] liquibase.ui - Running Changeset: db/changelog/tables/02-add-constraints.xml::19-add-check-quantity::nkond
2026-01-13 19:08:12 INFO  [main] liquibase.changelog - Custom SQL executed
2026-01-13 19:08:12 INFO  [main] liquibase.changelog - ChangeSet db/changelog/tables/02-add-constraints.xml::19-add-check-quantity::nkond ran successfully in 1ms
2026-01-13 19:08:12 INFO  [main] liquibase.ui - Running Changeset: db/changelog/tables/02-add-constraints.xml::20-add-check-delivery_method::nkond
2026-01-13 19:08:12 INFO  [main] liquibase.changelog - Custom SQL executed
2026-01-13 19:08:12 INFO  [main] liquibase.changelog - ChangeSet db/changelog/tables/02-add-constraints.xml::20-add-check-delivery_method::nkond ran successfully in 1ms
2026-01-13 19:08:12 INFO  [main] liquibase.ui - Running Changeset: db/changelog/data/04-truncate-tables.xml::22-truncate-tables::nkond
2026-01-13 19:08:12 WARN  [main] liquibase.executor - truncate cascades to table "favorites"
2026-01-13 19:08:12 WARN  [main] liquibase.executor - truncate cascades to table "carts"
2026-01-13 19:08:12 WARN  [main] liquibase.executor - truncate cascades to table "orders"
2026-01-13 19:08:12 WARN  [main] liquibase.executor - truncate cascades to table "user_roles"
2026-01-13 19:08:12 WARN  [main] liquibase.executor - truncate cascades to table "cart_items"
2026-01-13 19:08:12 WARN  [main] liquibase.executor - truncate cascades to table "order_items"
2026-01-13 19:08:12 WARN  [main] liquibase.executor - truncate cascades to table "favorites"
2026-01-13 19:08:12 WARN  [main] liquibase.executor - truncate cascades to table "cart_items"
2026-01-13 19:08:12 WARN  [main] liquibase.executor - truncate cascades to table "order_items"
2026-01-13 19:08:12 WARN  [main] liquibase.executor - truncate cascades to table "products"
2026-01-13 19:08:12 WARN  [main] liquibase.executor - truncate cascades to table "favorites"
2026-01-13 19:08:12 WARN  [main] liquibase.executor - truncate cascades to table "cart_items"
2026-01-13 19:08:12 WARN  [main] liquibase.executor - truncate cascades to table "order_items"
2026-01-13 19:08:12 WARN  [main] liquibase.executor - truncate cascades to table "order_items"
2026-01-13 19:08:12 INFO  [main] liquibase.changelog - Custom SQL executed
2026-01-13 19:08:12 INFO  [main] liquibase.changelog - ChangeSet db/changelog/data/04-truncate-tables.xml::22-truncate-tables::nkond ran successfully in 37ms
2026-01-13 19:08:12 INFO  [main] liquibase.ui - Running Changeset: db/changelog/data/03-add-data.xml::21-insert-initial-data::nkond
2026-01-13 19:08:12 INFO  [main] liquibase.changelog - New row inserted into app_users
2026-01-13 19:08:12 INFO  [main] liquibase.changelog - New row inserted into app_users
2026-01-13 19:08:12 INFO  [main] liquibase.changelog - New row inserted into app_users
2026-01-13 19:08:12 INFO  [main] liquibase.changelog - New row inserted into app_users
2026-01-13 19:08:12 INFO  [main] liquibase.changelog - New row inserted into user_roles
2026-01-13 19:08:12 INFO  [main] liquibase.changelog - New row inserted into user_roles
2026-01-13 19:08:12 INFO  [main] liquibase.changelog - New row inserted into user_roles
2026-01-13 19:08:12 INFO  [main] liquibase.changelog - New row inserted into user_roles
2026-01-13 19:08:12 INFO  [main] liquibase.changelog - New row inserted into user_roles
2026-01-13 19:08:12 INFO  [main] liquibase.changelog - New row inserted into categories
2026-01-13 19:08:12 INFO  [main] liquibase.changelog - New row inserted into categories
2026-01-13 19:08:12 INFO  [main] liquibase.changelog - New row inserted into categories
2026-01-13 19:08:12 INFO  [main] liquibase.changelog - New row inserted into categories
2026-01-13 19:08:12 INFO  [main] liquibase.changelog - New row inserted into categories
2026-01-13 19:08:12 INFO  [main] liquibase.changelog - New row inserted into products
2026-01-13 19:08:12 INFO  [main] liquibase.changelog - New row inserted into products
2026-01-13 19:08:12 INFO  [main] liquibase.changelog - New row inserted into products
2026-01-13 19:08:12 INFO  [main] liquibase.changelog - New row inserted into products
2026-01-13 19:08:12 INFO  [main] liquibase.changelog - New row inserted into products
2026-01-13 19:08:12 INFO  [main] liquibase.changelog - New row inserted into products
2026-01-13 19:08:12 INFO  [main] liquibase.changelog - New row inserted into products
2026-01-13 19:08:12 INFO  [main] liquibase.changelog - New row inserted into products
2026-01-13 19:08:12 INFO  [main] liquibase.changelog - New row inserted into products
2026-01-13 19:08:12 INFO  [main] liquibase.changelog - New row inserted into products
2026-01-13 19:08:12 INFO  [main] liquibase.changelog - New row inserted into products
2026-01-13 19:08:12 INFO  [main] liquibase.changelog - New row inserted into products
2026-01-13 19:08:12 INFO  [main] liquibase.changelog - New row inserted into products
2026-01-13 19:08:12 INFO  [main] liquibase.changelog - New row inserted into products
2026-01-13 19:08:12 INFO  [main] liquibase.changelog - New row inserted into products
2026-01-13 19:08:12 INFO  [main] liquibase.changelog - New row inserted into favorites
2026-01-13 19:08:12 INFO  [main] liquibase.changelog - New row inserted into favorites
2026-01-13 19:08:12 INFO  [main] liquibase.changelog - New row inserted into favorites
2026-01-13 19:08:12 INFO  [main] liquibase.changelog - New row inserted into favorites
2026-01-13 19:08:12 INFO  [main] liquibase.changelog - New row inserted into favorites
2026-01-13 19:08:12 INFO  [main] liquibase.changelog - New row inserted into favorites
2026-01-13 19:08:12 INFO  [main] liquibase.changelog - New row inserted into favorites
2026-01-13 19:08:12 INFO  [main] liquibase.changelog - New row inserted into carts
2026-01-13 19:08:12 INFO  [main] liquibase.changelog - New row inserted into carts
2026-01-13 19:08:12 INFO  [main] liquibase.changelog - New row inserted into carts
2026-01-13 19:08:12 INFO  [main] liquibase.changelog - New row inserted into carts
2026-01-13 19:08:12 INFO  [main] liquibase.changelog - New row inserted into cart_items
2026-01-13 19:08:12 INFO  [main] liquibase.changelog - New row inserted into cart_items
2026-01-13 19:08:12 INFO  [main] liquibase.changelog - New row inserted into cart_items
2026-01-13 19:08:12 INFO  [main] liquibase.changelog - New row inserted into cart_items
2026-01-13 19:08:12 INFO  [main] liquibase.changelog - New row inserted into cart_items
2026-01-13 19:08:12 INFO  [main] liquibase.changelog - New row inserted into orders
2026-01-13 19:08:12 INFO  [main] liquibase.changelog - New row inserted into orders
2026-01-13 19:08:12 INFO  [main] liquibase.changelog - New row inserted into orders
2026-01-13 19:08:12 INFO  [main] liquibase.changelog - New row inserted into orders
2026-01-13 19:08:12 INFO  [main] liquibase.changelog - New row inserted into orders
2026-01-13 19:08:12 INFO  [main] liquibase.changelog - New row inserted into orders
2026-01-13 19:08:12 INFO  [main] liquibase.changelog - New row inserted into orders
2026-01-13 19:08:12 INFO  [main] liquibase.changelog - New row inserted into orders
2026-01-13 19:08:12 INFO  [main] liquibase.changelog - New row inserted into orders
2026-01-13 19:08:12 INFO  [main] liquibase.changelog - New row inserted into orders
2026-01-13 19:08:12 INFO  [main] liquibase.changelog - New row inserted into orders
2026-01-13 19:08:12 INFO  [main] liquibase.changelog - New row inserted into orders
2026-01-13 19:08:12 INFO  [main] liquibase.changelog - New row inserted into orders
2026-01-13 19:08:12 INFO  [main] liquibase.changelog - New row inserted into orders
2026-01-13 19:08:12 INFO  [main] liquibase.changelog - New row inserted into orders
2026-01-13 19:08:12 INFO  [main] liquibase.changelog - New row inserted into orders
2026-01-13 19:08:12 INFO  [main] liquibase.changelog - New row inserted into orders
2026-01-13 19:08:12 INFO  [main] liquibase.changelog - New row inserted into orders
2026-01-13 19:08:12 INFO  [main] liquibase.changelog - New row inserted into orders
2026-01-13 19:08:12 INFO  [main] liquibase.changelog - New row inserted into orders
2026-01-13 19:08:12 INFO  [main] liquibase.changelog - New row inserted into order_items
2026-01-13 19:08:12 INFO  [main] liquibase.changelog - New row inserted into order_items
2026-01-13 19:08:12 INFO  [main] liquibase.changelog - New row inserted into order_items
2026-01-13 19:08:12 INFO  [main] liquibase.changelog - New row inserted into order_items
2026-01-13 19:08:12 INFO  [main] liquibase.changelog - New row inserted into order_items
2026-01-13 19:08:12 INFO  [main] liquibase.changelog - New row inserted into order_items
2026-01-13 19:08:12 INFO  [main] liquibase.changelog - New row inserted into order_items
2026-01-13 19:08:12 INFO  [main] liquibase.changelog - New row inserted into order_items
2026-01-13 19:08:12 INFO  [main] liquibase.changelog - New row inserted into order_items
2026-01-13 19:08:12 INFO  [main] liquibase.changelog - New row inserted into order_items
2026-01-13 19:08:12 INFO  [main] liquibase.changelog - New row inserted into order_items
2026-01-13 19:08:12 INFO  [main] liquibase.changelog - New row inserted into order_items
2026-01-13 19:08:12 INFO  [main] liquibase.changelog - New row inserted into order_items
2026-01-13 19:08:12 INFO  [main] liquibase.changelog - New row inserted into order_items
2026-01-13 19:08:12 INFO  [main] liquibase.changelog - New row inserted into order_items
2026-01-13 19:08:12 INFO  [main] liquibase.changelog - New row inserted into order_items
2026-01-13 19:08:12 INFO  [main] liquibase.changelog - New row inserted into order_items
2026-01-13 19:08:12 INFO  [main] liquibase.changelog - New row inserted into order_items
2026-01-13 19:08:12 INFO  [main] liquibase.changelog - New row inserted into order_items
2026-01-13 19:08:12 INFO  [main] liquibase.changelog - New row inserted into order_items
2026-01-13 19:08:12 INFO  [main] liquibase.changelog - New row inserted into order_items
2026-01-13 19:08:12 INFO  [main] liquibase.changelog - New row inserted into order_items
2026-01-13 19:08:12 INFO  [main] liquibase.changelog - New row inserted into order_items
2026-01-13 19:08:12 INFO  [main] liquibase.changelog - New row inserted into order_items
2026-01-13 19:08:12 INFO  [main] liquibase.changelog - New row inserted into order_items
2026-01-13 19:08:12 INFO  [main] liquibase.changelog - New row inserted into order_items
2026-01-13 19:08:12 INFO  [main] liquibase.changelog - New row inserted into order_items
2026-01-13 19:08:12 INFO  [main] liquibase.changelog - New row inserted into order_items
2026-01-13 19:08:12 INFO  [main] liquibase.changelog - New row inserted into order_items
2026-01-13 19:08:12 INFO  [main] liquibase.changelog - New row inserted into order_items
2026-01-13 19:08:12 INFO  [main] liquibase.changelog - New row inserted into order_items
2026-01-13 19:08:12 INFO  [main] liquibase.changelog - New row inserted into order_items
2026-01-13 19:08:12 INFO  [main] liquibase.changelog - New row inserted into order_items
2026-01-13 19:08:12 INFO  [main] liquibase.changelog - New row inserted into order_items
2026-01-13 19:08:12 INFO  [main] liquibase.changelog - New row inserted into order_items
2026-01-13 19:08:12 INFO  [main] liquibase.changelog - New row inserted into order_items
2026-01-13 19:08:12 INFO  [main] liquibase.changelog - New row inserted into order_items
2026-01-13 19:08:12 INFO  [main] liquibase.changelog - New row inserted into order_items
2026-01-13 19:08:12 INFO  [main] liquibase.changelog - New row inserted into order_items
2026-01-13 19:08:12 INFO  [main] liquibase.changelog - New row inserted into order_items
2026-01-13 19:08:12 INFO  [main] liquibase.changelog - New row inserted into order_items
2026-01-13 19:08:12 INFO  [main] liquibase.changelog - New row inserted into order_items
2026-01-13 19:08:12 INFO  [main] liquibase.changelog - New row inserted into order_items
2026-01-13 19:08:12 INFO  [main] liquibase.changelog - New row inserted into order_items
2026-01-13 19:08:12 INFO  [main] liquibase.changelog - New row inserted into order_items
2026-01-13 19:08:12 INFO  [main] liquibase.changelog - ChangeSet db/changelog/data/03-add-data.xml::21-insert-initial-data::nkond ran successfully in 63ms
2026-01-13 19:08:12 INFO  [main] liquibase.util - UPDATE SUMMARY
2026-01-13 19:08:12 INFO  [main] liquibase.util - Run:                         22
2026-01-13 19:08:12 INFO  [main] liquibase.util - Previously run:               0
2026-01-13 19:08:12 INFO  [main] liquibase.util - Filtered out:                 0
2026-01-13 19:08:12 INFO  [main] liquibase.util - -------------------------------
2026-01-13 19:08:12 INFO  [main] liquibase.util - Total change sets:           22
2026-01-13 19:08:12 INFO  [main] liquibase.util - Update summary generated
2026-01-13 19:08:12 INFO  [main] liquibase.command - Update command completed successfully.
2026-01-13 19:08:12 INFO  [main] liquibase.ui - Liquibase: Update has been successful. Rows affected: 132
2026-01-13 19:08:12 INFO  [main] liquibase.lockservice - Successfully released change log lock
2026-01-13 19:08:12 INFO  [main] liquibase.command - Command execution complete
2026-01-13 19:08:12 INFO  [main] o.h.jpa.internal.util.LogHelper - HHH000204: Processing PersistenceUnitInfo [name: default]
2026-01-13 19:08:12 INFO  [main] org.hibernate.Version - HHH000412: Hibernate ORM core version 6.6.18.Final
2026-01-13 19:08:12 INFO  [main] o.h.c.i.RegionFactoryInitiator - HHH000026: Second-level cache disabled
2026-01-13 19:08:12 INFO  [main] o.s.o.j.p.SpringPersistenceUnitInfo - No LoadTimeWeaver setup: ignoring JPA class transformer
2026-01-13 19:08:12 WARN  [main] org.hibernate.orm.deprecation - HHH90000025: PostgreSQLDialect does not need to be specified explicitly using 'hibernate.dialect' (remove the property setting and it will be selected by default)
2026-01-13 19:08:12 INFO  [main] o.hibernate.orm.connections.pooling - HHH10001005: Database info:
	Database JDBC URL [Connecting through datasource 'HikariDataSource (HikariPool-1)']
	Database driver: undefined/unknown
	Database version: 17.5
	Autocommit mode: undefined/unknown
	Isolation level: undefined/unknown
	Minimum pool size: undefined/unknown
	Maximum pool size: undefined/unknown
2026-01-13 19:08:13 INFO  [main] o.h.e.t.j.p.i.JtaPlatformInitiator - HHH000489: No JTA platform available (set 'hibernate.transaction.jta.platform' to enable JTA platform integration)
2026-01-13 19:08:13 INFO  [main] o.s.o.j.LocalContainerEntityManagerFactoryBean - Initialized JPA EntityManagerFactory for persistence unit 'default'
2026-01-13 19:08:13 INFO  [main] o.s.d.j.r.query.QueryEnhancerFactory - Hibernate is in classpath; If applicable, HQL parser will be used.
2026-01-13 19:08:13 DEBUG [main] d.t.g.service.security.JwtAuthFilter - Filter 'jwtAuthFilter' configured for use
2026-01-13 19:08:14 INFO  [main] o.s.s.c.a.a.c.InitializeUserDetailsBeanManagerConfigurer$InitializeUserDetailsManagerConfigurer - Global AuthenticationManager configured with UserDetailsService bean with name userDetailServiceImpl
2026-01-13 19:08:14 WARN  [main] o.s.b.a.o.j.JpaBaseConfiguration$JpaWebConfiguration - spring.jpa.open-in-view is enabled by default. Therefore, database queries may be performed during view rendering. Explicitly configure spring.jpa.open-in-view to disable this warning
2026-01-13 19:08:14 INFO  [main] o.a.coyote.http11.Http11NioProtocol - Starting ProtocolHandler ["http-nio-0.0.0.0-8080"]
2026-01-13 19:08:14 INFO  [main] o.s.b.w.e.tomcat.TomcatWebServer - Tomcat started on port 8080 (http) with context path '/'
2026-01-13 19:08:14 INFO  [main] d.t.g.GardenStoreApplication - Started GardenStoreApplication in 4.656 seconds (process running for 4.916)
2026-01-13 19:08:59 INFO  [http-nio-0.0.0.0-8080-exec-1] o.a.c.c.C.[Tomcat].[localhost].[/] - Initializing Spring DispatcherServlet 'dispatcherServlet'
2026-01-13 19:08:59 INFO  [http-nio-0.0.0.0-8080-exec-1] o.s.web.servlet.DispatcherServlet - Initializing Servlet 'dispatcherServlet'
2026-01-13 19:09:00 INFO  [http-nio-0.0.0.0-8080-exec-1] o.s.web.servlet.DispatcherServlet - Completed initialization in 2 ms
2026-01-13 19:09:00 INFO  [http-nio-0.0.0.0-8080-exec-1] d.t.gardenStore.aop.LoggingAspect - >>> Request parameters UserControllerImpl.create(): [UserCreateRequestDto(name=Frank Green, email=frank.green@example.com, phoneNumber=+1444555666)]
2026-01-13 19:09:00 INFO  [http-nio-0.0.0.0-8080-exec-1] d.t.gardenStore.aop.LoggingAspect - User: anonymousUser, Roles: [ROLE_ANONYMOUS]
2026-01-13 19:09:00 DEBUG [http-nio-0.0.0.0-8080-exec-1] d.t.g.service.UserServiceImpl - Attempt to create AppUser(userId=null, name=Frank Green, email=frank.green@example.com, phoneNumber=+1444555666, roles=[ROLE_USER])
2026-01-13 19:09:00 INFO  [http-nio-0.0.0.0-8080-exec-1] d.t.gardenStore.aop.LoggingAspect - <<< Execution result UserControllerImpl.create(..): UserResponseDto(userId=5, name=Frank Green, email=frank.green@example.com, phoneNumber=+1444555666, roles=[ROLE_USER], favorites=[])
2026-01-13 19:09:04 INFO  [SpringApplicationShutdownHook] o.s.b.w.e.tomcat.GracefulShutdown - Commencing graceful shutdown. Waiting for active requests to complete
2026-01-13 19:09:04 INFO  [tomcat-shutdown] o.s.b.w.e.tomcat.GracefulShutdown - Graceful shutdown complete
2026-01-13 19:09:04 INFO  [SpringApplicationShutdownHook] o.s.o.j.LocalContainerEntityManagerFactoryBean - Closing JPA EntityManagerFactory for persistence unit 'default'
2026-01-13 19:09:04 INFO  [SpringApplicationShutdownHook] com.zaxxer.hikari.HikariDataSource - HikariPool-1 - Shutdown initiated...
2026-01-13 19:09:04 INFO  [SpringApplicationShutdownHook] com.zaxxer.hikari.HikariDataSource - HikariPool-1 - Shutdown completed.
2026-01-13 19:09:06 INFO  [background-preinit] o.h.validator.internal.util.Version - HV000001: Hibernate Validator 8.0.2.Final
2026-01-13 19:09:07 INFO  [main] d.t.g.GardenStoreApplication - Starting GardenStoreApplication using Java 21.0.7 with PID 30961 (/Users/nkond/IdeaProjects/gardenStore/target/classes started by nkond in /Users/nkond/IdeaProjects/gardenStore)
2026-01-13 19:09:07 INFO  [main] d.t.g.GardenStoreApplication - No active profile set, falling back to 1 default profile: "default"
2026-01-13 19:09:07 INFO  [main] o.s.d.r.c.RepositoryConfigurationDelegate - Bootstrapping Spring Data JPA repositories in DEFAULT mode.
2026-01-13 19:09:07 INFO  [main] o.s.d.r.c.RepositoryConfigurationDelegate - Finished Spring Data repository scanning in 38 ms. Found 7 JPA repository interfaces.
2026-01-13 19:09:07 DEBUG [main] o.s.a.a.a.ReflectiveAspectJAdvisorFactory - Found AspectJ method: public java.lang.Object de.telran.gardenStore.aop.LoggingAspect.logMethodInput(org.aspectj.lang.ProceedingJoinPoint) throws java.lang.Throwable
2026-01-13 19:09:07 INFO  [main] o.s.b.w.e.tomcat.TomcatWebServer - Tomcat initialized with port 8080 (http)
2026-01-13 19:09:07 INFO  [main] o.a.coyote.http11.Http11NioProtocol - Initializing ProtocolHandler ["http-nio-0.0.0.0-8080"]
2026-01-13 19:09:07 INFO  [main] o.a.catalina.core.StandardService - Starting service [Tomcat]
2026-01-13 19:09:07 INFO  [main] o.a.catalina.core.StandardEngine - Starting Servlet engine: [Apache Tomcat/10.1.42]
2026-01-13 19:09:07 INFO  [main] o.a.c.c.C.[Tomcat].[localhost].[/] - Initializing Spring embedded WebApplicationContext
2026-01-13 19:09:07 INFO  [main] o.s.b.w.s.c.ServletWebServerApplicationContext - Root WebApplicationContext: initialization completed in 929 ms
2026-01-13 19:09:08 INFO  [main] com.zaxxer.hikari.HikariDataSource - HikariPool-1 - Starting...
2026-01-13 19:09:08 INFO  [main] com.zaxxer.hikari.pool.HikariPool - HikariPool-1 - Added connection org.postgresql.jdbc.PgConnection@5c5f0edc
2026-01-13 19:09:08 INFO  [main] com.zaxxer.hikari.HikariDataSource - HikariPool-1 - Start completed.
2026-01-13 19:09:08 INFO  [main] liquibase.database - Set default schema name to public
2026-01-13 19:09:08 INFO  [main] liquibase.changelog - Reading from public.databasechangelog
2026-01-13 19:09:08 INFO  [main] liquibase.lockservice - Successfully acquired change log lock
2026-01-13 19:09:08 INFO  [main] liquibase.command - Using deploymentId: 8327748059
2026-01-13 19:09:08 INFO  [main] liquibase.changelog - Reading from public.databasechangelog
2026-01-13 19:09:08 INFO  [main] liquibase.ui - Running Changeset: db/changelog/data/04-truncate-tables.xml::22-truncate-tables::nkond
2026-01-13 19:09:08 WARN  [main] liquibase.executor - truncate cascades to table "favorites"
2026-01-13 19:09:08 WARN  [main] liquibase.executor - truncate cascades to table "carts"
2026-01-13 19:09:08 WARN  [main] liquibase.executor - truncate cascades to table "orders"
2026-01-13 19:09:08 WARN  [main] liquibase.executor - truncate cascades to table "user_roles"
2026-01-13 19:09:08 WARN  [main] liquibase.executor - truncate cascades to table "cart_items"
2026-01-13 19:09:08 WARN  [main] liquibase.executor - truncate cascades to table "order_items"
2026-01-13 19:09:08 WARN  [main] liquibase.executor - truncate cascades to table "favorites"
2026-01-13 19:09:08 WARN  [main] liquibase.executor - truncate cascades to table "cart_items"
2026-01-13 19:09:08 WARN  [main] liquibase.executor - truncate cascades to table "order_items"
2026-01-13 19:09:08 WARN  [main] liquibase.executor - truncate cascades to table "products"
2026-01-13 19:09:08 WARN  [main] liquibase.executor - truncate cascades to table "favorites"
2026-01-13 19:09:08 WARN  [main] liquibase.executor - truncate cascades to table "cart_items"
2026-01-13 19:09:08 WARN  [main] liquibase.executor - truncate cascades to table "order_items"
2026-01-13 19:09:08 WARN  [main] liquibase.executor - truncate cascades to table "order_items"
2026-01-13 19:09:08 INFO  [main] liquibase.changelog - Custom SQL executed
2026-01-13 19:09:08 INFO  [main] liquibase.changelog - ChangeSet db/changelog/data/04-truncate-tables.xml::22-truncate-tables::nkond ran successfully in 60ms
2026-01-13 19:09:08 INFO  [main] liquibase.ui - Running Changeset: db/changelog/data/03-add-data.xml::21-insert-initial-data::nkond
2026-01-13 19:09:08 INFO  [main] liquibase.changelog - New row inserted into app_users
2026-01-13 19:09:08 INFO  [main] liquibase.changelog - New row inserted into app_users
2026-01-13 19:09:08 INFO  [main] liquibase.changelog - New row inserted into app_users
2026-01-13 19:09:08 INFO  [main] liquibase.changelog - New row inserted into app_users
2026-01-13 19:09:08 INFO  [main] liquibase.changelog - New row inserted into user_roles
2026-01-13 19:09:08 INFO  [main] liquibase.changelog - New row inserted into user_roles
2026-01-13 19:09:08 INFO  [main] liquibase.changelog - New row inserted into user_roles
2026-01-13 19:09:08 INFO  [main] liquibase.changelog - New row inserted into user_roles
2026-01-13 19:09:08 INFO  [main] liquibase.changelog - New row inserted into user_roles
2026-01-13 19:09:08 INFO  [main] liquibase.changelog - New row inserted into categories
2026-01-13 19:09:08 INFO  [main] liquibase.changelog - New row inserted into categories
2026-01-13 19:09:08 INFO  [main] liquibase.changelog - New row inserted into categories
2026-01-13 19:09:08 INFO  [main] liquibase.changelog - New row inserted into categories
2026-01-13 19:09:08 INFO  [main] liquibase.changelog - New row inserted into categories
2026-01-13 19:09:08 INFO  [main] liquibase.changelog - New row inserted into products
2026-01-13 19:09:08 INFO  [main] liquibase.changelog - New row inserted into products
2026-01-13 19:09:08 INFO  [main] liquibase.changelog - New row inserted into products
2026-01-13 19:09:08 INFO  [main] liquibase.changelog - New row inserted into products
2026-01-13 19:09:08 INFO  [main] liquibase.changelog - New row inserted into products
2026-01-13 19:09:08 INFO  [main] liquibase.changelog - New row inserted into products
2026-01-13 19:09:08 INFO  [main] liquibase.changelog - New row inserted into products
2026-01-13 19:09:08 INFO  [main] liquibase.changelog - New row inserted into products
2026-01-13 19:09:08 INFO  [main] liquibase.changelog - New row inserted into products
2026-01-13 19:09:08 INFO  [main] liquibase.changelog - New row inserted into products
2026-01-13 19:09:08 INFO  [main] liquibase.changelog - New row inserted into products
2026-01-13 19:09:08 INFO  [main] liquibase.changelog - New row inserted into products
2026-01-13 19:09:08 INFO  [main] liquibase.changelog - New row inserted into products
2026-01-13 19:09:08 INFO  [main] liquibase.changelog - New row inserted into products
2026-01-13 19:09:08 INFO  [main] liquibase.changelog - New row inserted into products
2026-01-13 19:09:08 INFO  [main] liquibase.changelog - New row inserted into favorites
2026-01-13 19:09:08 INFO  [main] liquibase.changelog - New row inserted into favorites
2026-01-13 19:09:08 INFO  [main] liquibase.changelog - New row inserted into favorites
2026-01-13 19:09:08 INFO  [main] liquibase.changelog - New row inserted into favorites
2026-01-13 19:09:08 INFO  [main] liquibase.changelog - New row inserted into favorites
2026-01-13 19:09:08 INFO  [main] liquibase.changelog - New row inserted into favorites
2026-01-13 19:09:08 INFO  [main] liquibase.changelog - New row inserted into favorites
2026-01-13 19:09:08 INFO  [main] liquibase.changelog - New row inserted into carts
2026-01-13 19:09:08 INFO  [main] liquibase.changelog - New row inserted into carts
2026-01-13 19:09:08 INFO  [main] liquibase.changelog - New row inserted into carts
2026-01-13 19:09:08 INFO  [main] liquibase.changelog - New row inserted into carts
2026-01-13 19:09:08 INFO  [main] liquibase.changelog - New row inserted into cart_items
2026-01-13 19:09:08 INFO  [main] liquibase.changelog - New row inserted into cart_items
2026-01-13 19:09:08 INFO  [main] liquibase.changelog - New row inserted into cart_items
2026-01-13 19:09:08 INFO  [main] liquibase.changelog - New row inserted into cart_items
2026-01-13 19:09:08 INFO  [main] liquibase.changelog - New row inserted into cart_items
2026-01-13 19:09:08 INFO  [main] liquibase.changelog - New row inserted into orders
2026-01-13 19:09:08 INFO  [main] liquibase.changelog - New row inserted into orders
2026-01-13 19:09:08 INFO  [main] liquibase.changelog - New row inserted into orders
2026-01-13 19:09:08 INFO  [main] liquibase.changelog - New row inserted into orders
2026-01-13 19:09:08 INFO  [main] liquibase.changelog - New row inserted into orders
2026-01-13 19:09:08 INFO  [main] liquibase.changelog - New row inserted into orders
2026-01-13 19:09:08 INFO  [main] liquibase.changelog - New row inserted into orders
2026-01-13 19:09:08 INFO  [main] liquibase.changelog - New row inserted into orders
2026-01-13 19:09:08 INFO  [main] liquibase.changelog - New row inserted into orders
2026-01-13 19:09:08 INFO  [main] liquibase.changelog - New row inserted into orders
2026-01-13 19:09:08 INFO  [main] liquibase.changelog - New row inserted into orders
2026-01-13 19:09:08 INFO  [main] liquibase.changelog - New row inserted into orders
2026-01-13 19:09:08 INFO  [main] liquibase.changelog - New row inserted into orders
2026-01-13 19:09:08 INFO  [main] liquibase.changelog - New row inserted into orders
2026-01-13 19:09:08 INFO  [main] liquibase.changelog - New row inserted into orders
2026-01-13 19:09:08 INFO  [main] liquibase.changelog - New row inserted into orders
2026-01-13 19:09:08 INFO  [main] liquibase.changelog - New row inserted into orders
2026-01-13 19:09:08 INFO  [main] liquibase.changelog - New row inserted into orders
2026-01-13 19:09:08 INFO  [main] liquibase.changelog - New row inserted into orders
2026-01-13 19:09:08 INFO  [main] liquibase.changelog - New row inserted into orders
2026-01-13 19:09:08 INFO  [main] liquibase.changelog - New row inserted into order_items
2026-01-13 19:09:08 INFO  [main] liquibase.changelog - New row inserted into order_items
2026-01-13 19:09:08 INFO  [main] liquibase.changelog - New row inserted into order_items
2026-01-13 19:09:08 INFO  [main] liquibase.changelog - New row inserted into order_items
2026-01-13 19:09:08 INFO  [main] liquibase.changelog - New row inserted into order_items
2026-01-13 19:09:08 INFO  [main] liquibase.changelog - New row inserted into order_items
2026-01-13 19:09:08 INFO  [main] liquibase.changelog - New row inserted into order_items
2026-01-13 19:09:08 INFO  [main] liquibase.changelog - New row inserted into order_items
2026-01-13 19:09:08 INFO  [main] liquibase.changelog - New row inserted into order_items
2026-01-13 19:09:08 INFO  [main] liquibase.changelog - New row inserted into order_items
2026-01-13 19:09:08 INFO  [main] liquibase.changelog - New row inserted into order_items
2026-01-13 19:09:08 INFO  [main] liquibase.changelog - New row inserted into order_items
2026-01-13 19:09:08 INFO  [main] liquibase.changelog - New row inserted into order_items
2026-01-13 19:09:08 INFO  [main] liquibase.changelog - New row inserted into order_items
2026-01-13 19:09:08 INFO  [main] liquibase.changelog - New row inserted into order_items
2026-01-13 19:09:08 INFO  [main] liquibase.changelog - New row inserted into order_items
2026-01-13 19:09:08 INFO  [main] liquibase.changelog - New row inserted into order_items
2026-01-13 19:09:08 INFO  [main] liquibase.changelog - New row inserted into order_items
2026-01-13 19:09:08 INFO  [main] liquibase.changelog - New row inserted into order_items
2026-01-13 19:09:08 INFO  [main] liquibase.changelog - New row inserted into order_items
2026-01-13 19:09:08 INFO  [main] liquibase.changelog - New row inserted into order_items
2026-01-13 19:09:08 INFO  [main] liquibase.changelog - New row inserted into order_items
2026-01-13 19:09:08 INFO  [main] liquibase.changelog - New row inserted into order_items
2026-01-13 19:09:08 INFO  [main] liquibase.changelog - New row inserted into order_items
2026-01-13 19:09:08 INFO  [main] liquibase.changelog - New row inserted into order_items
2026-01-13 19:09:08 INFO  [main] liquibase.changelog - New row inserted into order_items
2026-01-13 19:09:08 INFO  [main] liquibase.changelog - New row inserted into order_items
2026-01-13 19:09:08 INFO  [main] liquibase.changelog - New row inserted into order_items
2026-01-13 19:09:08 INFO  [main] liquibase.changelog - New row inserted into order_items
2026-01-13 19:09:08 INFO  [main] liquibase.changelog - New row inserted into order_items
2026-01-13 19:09:08 INFO  [main] liquibase.changelog - New row inserted into order_items
2026-01-13 19:09:08 INFO  [main] liquibase.changelog - New row inserted into order_items
2026-01-13 19:09:08 INFO  [main] liquibase.changelog - New row inserted into order_items
2026-01-13 19:09:08 INFO  [main] liquibase.changelog - New row inserted into order_items
2026-01-13 19:09:08 INFO  [main] liquibase.changelog - New row inserted into order_items
2026-01-13 19:09:08 INFO  [main] liquibase.changelog - New row inserted into order_items
2026-01-13 19:09:08 INFO  [main] liquibase.changelog - New row inserted into order_items
2026-01-13 19:09:08 INFO  [main] liquibase.changelog - New row inserted into order_items
2026-01-13 19:09:08 INFO  [main] liquibase.changelog - New row inserted into order_items
2026-01-13 19:09:08 INFO  [main] liquibase.changelog - New row inserted into order_items
2026-01-13 19:09:08 INFO  [main] liquibase.changelog - New row inserted into order_items
2026-01-13 19:09:08 INFO  [main] liquibase.changelog - New row inserted into order_items
2026-01-13 19:09:08 INFO  [main] liquibase.changelog - New row inserted into order_items
2026-01-13 19:09:08 INFO  [main] liquibase.changelog - New row inserted into order_items
2026-01-13 19:09:08 INFO  [main] liquibase.changelog - New row inserted into order_items
2026-01-13 19:09:08 INFO  [main] liquibase.changelog - ChangeSet db/changelog/data/03-add-data.xml::21-insert-initial-data::nkond ran successfully in 76ms
2026-01-13 19:09:08 INFO  [main] liquibase.util - UPDATE SUMMARY
2026-01-13 19:09:08 INFO  [main] liquibase.util - Run:                          2
2026-01-13 19:09:08 INFO  [main] liquibase.util - Previously run:              20
2026-01-13 19:09:08 INFO  [main] liquibase.util - Filtered out:                 0
2026-01-13 19:09:08 INFO  [main] liquibase.util - -------------------------------
2026-01-13 19:09:08 INFO  [main] liquibase.util - Total change sets:           22
2026-01-13 19:09:08 INFO  [main] liquibase.util - Update summary generated
2026-01-13 19:09:08 INFO  [main] liquibase.command - Update command completed successfully.
2026-01-13 19:09:08 INFO  [main] liquibase.ui - Liquibase: Update has been successful. Rows affected: 112
2026-01-13 19:09:08 INFO  [main] liquibase.lockservice - Successfully released change log lock
2026-01-13 19:09:08 INFO  [main] liquibase.command - Command execution complete
2026-01-13 19:09:09 INFO  [main] o.h.jpa.internal.util.LogHelper - HHH000204: Processing PersistenceUnitInfo [name: default]
2026-01-13 19:09:09 INFO  [main] org.hibernate.Version - HHH000412: Hibernate ORM core version 6.6.18.Final
2026-01-13 19:09:09 INFO  [main] o.h.c.i.RegionFactoryInitiator - HHH000026: Second-level cache disabled
2026-01-13 19:09:09 INFO  [main] o.s.o.j.p.SpringPersistenceUnitInfo - No LoadTimeWeaver setup: ignoring JPA class transformer
2026-01-13 19:09:09 WARN  [main] org.hibernate.orm.deprecation - HHH90000025: PostgreSQLDialect does not need to be specified explicitly using 'hibernate.dialect' (remove the property setting and it will be selected by default)
2026-01-13 19:09:09 INFO  [main] o.hibernate.orm.connections.pooling - HHH10001005: Database info:
	Database JDBC URL [Connecting through datasource 'HikariDataSource (HikariPool-1)']
	Database driver: undefined/unknown
	Database version: 17.5
	Autocommit mode: undefined/unknown
	Isolation level: undefined/unknown
	Minimum pool size: undefined/unknown
	Maximum pool size: undefined/unknown
2026-01-13 19:09:10 INFO  [main] o.h.e.t.j.p.i.JtaPlatformInitiator - HHH000489: No JTA platform available (set 'hibernate.transaction.jta.platform' to enable JTA platform integration)
2026-01-13 19:09:10 INFO  [main] o.s.o.j.LocalContainerEntityManagerFactoryBean - Initialized JPA EntityManagerFactory for persistence unit 'default'
2026-01-13 19:09:10 INFO  [main] o.s.d.j.r.query.QueryEnhancerFactory - Hibernate is in classpath; If applicable, HQL parser will be used.
2026-01-13 19:09:10 DEBUG [main] d.t.g.service.security.JwtAuthFilter - Filter 'jwtAuthFilter' configured for use
2026-01-13 19:09:10 INFO  [main] o.s.s.c.a.a.c.InitializeUserDetailsBeanManagerConfigurer$InitializeUserDetailsManagerConfigurer - Global AuthenticationManager configured with UserDetailsService bean with name userDetailServiceImpl
2026-01-13 19:09:10 WARN  [main] o.s.b.a.o.j.JpaBaseConfiguration$JpaWebConfiguration - spring.jpa.open-in-view is enabled by default. Therefore, database queries may be performed during view rendering. Explicitly configure spring.jpa.open-in-view to disable this warning
2026-01-13 19:09:11 INFO  [main] o.a.coyote.http11.Http11NioProtocol - Starting ProtocolHandler ["http-nio-0.0.0.0-8080"]
2026-01-13 19:09:11 INFO  [main] o.s.b.w.e.tomcat.TomcatWebServer - Tomcat started on port 8080 (http) with context path '/'
2026-01-13 19:09:11 INFO  [main] d.t.g.GardenStoreApplication - Started GardenStoreApplication in 4.38 seconds (process running for 4.578)
2026-01-13 19:09:26 INFO  [http-nio-0.0.0.0-8080-exec-2] o.a.c.c.C.[Tomcat].[localhost].[/] - Initializing Spring DispatcherServlet 'dispatcherServlet'
2026-01-13 19:09:26 INFO  [http-nio-0.0.0.0-8080-exec-2] o.s.web.servlet.DispatcherServlet - Initializing Servlet 'dispatcherServlet'
2026-01-13 19:09:26 INFO  [http-nio-0.0.0.0-8080-exec-2] o.s.web.servlet.DispatcherServlet - Completed initialization in 3 ms
2026-01-13 19:09:26 INFO  [http-nio-0.0.0.0-8080-exec-2] d.t.gardenStore.aop.LoggingAspect - >>> Request parameters UserControllerImpl.create(): [UserCreateRequestDto(name=Frank Green, email=frank.green@example.com, phoneNumber=+1444555666)]
2026-01-13 19:09:26 INFO  [http-nio-0.0.0.0-8080-exec-2] d.t.gardenStore.aop.LoggingAspect - User: anonymousUser, Roles: [ROLE_ANONYMOUS]
2026-01-13 19:09:27 DEBUG [http-nio-0.0.0.0-8080-exec-2] d.t.g.service.UserServiceImpl - Attempt to create AppUser(userId=null, name=Frank Green, email=frank.green@example.com, phoneNumber=+1444555666, roles=[ROLE_USER])
2026-01-13 19:09:27 INFO  [http-nio-0.0.0.0-8080-exec-2] d.t.gardenStore.aop.LoggingAspect - <<< Execution result UserControllerImpl.create(..): UserResponseDto(userId=5, name=Frank Green, email=frank.green@example.com, phoneNumber=+1444555666, roles=[ROLE_USER], favorites=[])
2026-01-13 19:09:28 INFO  [http-nio-0.0.0.0-8080-exec-3] d.t.gardenStore.aop.LoggingAspect - >>> Request parameters UserControllerImpl.create(): [UserCreateRequestDto(name=Frank Green, email=frank.green@example.com, phoneNumber=+1444555666)]
2026-01-13 19:09:28 INFO  [http-nio-0.0.0.0-8080-exec-3] d.t.gardenStore.aop.LoggingAspect - User: anonymousUser, Roles: [ROLE_ANONYMOUS]
2026-01-13 19:09:28 ERROR [http-nio-0.0.0.0-8080-exec-3] d.t.g.handler.GlobalExceptionHandler - User with email frank.green@example.com already exists
de.telran.gardenStore.exception.UserWithEmailAlreadyExistsException: User with email frank.green@example.com already exists
	at de.telran.gardenStore.service.UserServiceImpl.checkUserEmailIsUnique(UserServiceImpl.java:77)
	at de.telran.gardenStore.service.UserServiceImpl.create(UserServiceImpl.java:43)
	at de.telran.gardenStore.controller.UserControllerImpl.create(UserControllerImpl.java:72)
	at java.base/jdk.internal.reflect.DirectMethodHandleAccessor.invoke(DirectMethodHandleAccessor.java:103)
	at java.base/java.lang.reflect.Method.invoke(Method.java:580)
	at org.springframework.aop.support.AopUtils.invokeJoinpointUsingReflection(AopUtils.java:359)
	at org.springframework.aop.framework.ReflectiveMethodInvocation.invokeJoinpoint(ReflectiveMethodInvocation.java:196)
	at org.springframework.aop.framework.ReflectiveMethodInvocation.proceed(ReflectiveMethodInvocation.java:163)
	at org.springframework.validation.beanvalidation.MethodValidationInterceptor.invoke(MethodValidationInterceptor.java:174)
	at org.springframework.aop.framework.ReflectiveMethodInvocation.proceed(ReflectiveMethodInvocation.java:184)
	at org.springframework.aop.aspectj.MethodInvocationProceedingJoinPoint.proceed(MethodInvocationProceedingJoinPoint.java:102)
	at de.telran.gardenStore.aop.LoggingAspect.logMethodInput(LoggingAspect.java:38)
	at java.base/jdk.internal.reflect.DirectMethodHandleAccessor.invoke(DirectMethodHandleAccessor.java:103)
	at java.base/java.lang.reflect.Method.invoke(Method.java:580)
	at org.springframework.aop.aspectj.AbstractAspectJAdvice.invokeAdviceMethodWithGivenArgs(AbstractAspectJAdvice.java:642)
	at org.springframework.aop.aspectj.AbstractAspectJAdvice.invokeAdviceMethod(AbstractAspectJAdvice.java:632)
	at org.springframework.aop.aspectj.AspectJAroundAdvice.invoke(AspectJAroundAdvice.java:71)
	at org.springframework.aop.framework.ReflectiveMethodInvocation.proceed(ReflectiveMethodInvocation.java:173)
	at org.springframework.aop.interceptor.ExposeInvocationInterceptor.invoke(ExposeInvocationInterceptor.java:97)
	at org.springframework.aop.framework.ReflectiveMethodInvocation.proceed(ReflectiveMethodInvocation.java:184)
	at org.springframework.aop.framework.CglibAopProxy$DynamicAdvisedInterceptor.intercept(CglibAopProxy.java:728)
	at de.telran.gardenStore.controller.UserControllerImpl$$SpringCGLIB$$0.create(<generated>)
	at java.base/jdk.internal.reflect.DirectMethodHandleAccessor.invoke(DirectMethodHandleAccessor.java:103)
	at java.base/java.lang.reflect.Method.invoke(Method.java:580)
	at org.springframework.web.method.support.InvocableHandlerMethod.doInvoke(InvocableHandlerMethod.java:258)
	at org.springframework.web.method.support.InvocableHandlerMethod.invokeForRequest(InvocableHandlerMethod.java:191)
	at org.springframework.web.servlet.mvc.method.annotation.ServletInvocableHandlerMethod.invokeAndHandle(ServletInvocableHandlerMethod.java:118)
	at org.springframework.web.servlet.mvc.method.annotation.RequestMappingHandlerAdapter.invokeHandlerMethod(RequestMappingHandlerAdapter.java:986)
	at org.springframework.web.servlet.mvc.method.annotation.RequestMappingHandlerAdapter.handleInternal(RequestMappingHandlerAdapter.java:891)
	at org.springframework.web.servlet.mvc.method.AbstractHandlerMethodAdapter.handle(AbstractHandlerMethodAdapter.java:87)
	at org.springframework.web.servlet.DispatcherServlet.doDispatch(DispatcherServlet.java:1089)
	at org.springframework.web.servlet.DispatcherServlet.doService(DispatcherServlet.java:979)
	at org.springframework.web.servlet.FrameworkServlet.processRequest(FrameworkServlet.java:1014)
	at org.springframework.web.servlet.FrameworkServlet.doPost(FrameworkServlet.java:914)
	at jakarta.servlet.http.HttpServlet.service(HttpServlet.java:590)
	at org.springframework.web.servlet.FrameworkServlet.service(FrameworkServlet.java:885)
	at jakarta.servlet.http.HttpServlet.service(HttpServlet.java:658)
	at org.apache.catalina.core.ApplicationFilterChain.internalDoFilter(ApplicationFilterChain.java:195)
	at org.apache.catalina.core.ApplicationFilterChain.doFilter(ApplicationFilterChain.java:140)
	at org.apache.tomcat.websocket.server.WsFilter.doFilter(WsFilter.java:51)
	at org.apache.catalina.core.ApplicationFilterChain.internalDoFilter(ApplicationFilterChain.java:164)
	at org.apache.catalina.core.ApplicationFilterChain.doFilter(ApplicationFilterChain.java:140)
	at org.springframework.web.filter.OncePerRequestFilter.doFilter(OncePerRequestFilter.java:110)
	at org.apache.catalina.core.ApplicationFilterChain.internalDoFilter(ApplicationFilterChain.java:164)
	at org.apache.catalina.core.ApplicationFilterChain.doFilter(ApplicationFilterChain.java:140)
	at org.springframework.web.filter.CompositeFilter$VirtualFilterChain.doFilter(CompositeFilter.java:108)
	at org.springframework.web.filter.CompositeFilter$VirtualFilterChain.doFilter(CompositeFilter.java:108)
	at org.springframework.security.web.FilterChainProxy.lambda$doFilterInternal$3(FilterChainProxy.java:231)
	at org.springframework.security.web.FilterChainProxy$VirtualFilterChain.doFilter(FilterChainProxy.java:365)
	at org.springframework.security.web.access.intercept.AuthorizationFilter.doFilter(AuthorizationFilter.java:101)
	at org.springframework.security.web.FilterChainProxy$VirtualFilterChain.doFilter(FilterChainProxy.java:374)
	at org.springframework.security.web.access.ExceptionTranslationFilter.doFilter(ExceptionTranslationFilter.java:125)
	at org.springframework.security.web.access.ExceptionTranslationFilter.doFilter(ExceptionTranslationFilter.java:119)
	at org.springframework.security.web.FilterChainProxy$VirtualFilterChain.doFilter(FilterChainProxy.java:374)
	at org.springframework.security.web.session.SessionManagementFilter.doFilter(SessionManagementFilter.java:131)
	at org.springframework.security.web.session.SessionManagementFilter.doFilter(SessionManagementFilter.java:85)
	at org.springframework.security.web.FilterChainProxy$VirtualFilterChain.doFilter(FilterChainProxy.java:374)
	at org.springframework.security.web.authentication.AnonymousAuthenticationFilter.doFilter(AnonymousAuthenticationFilter.java:100)
	at org.springframework.security.web.FilterChainProxy$VirtualFilterChain.doFilter(FilterChainProxy.java:374)
	at org.springframework.security.web.servletapi.SecurityContextHolderAwareRequestFilter.doFilter(SecurityContextHolderAwareRequestFilter.java:179)
	at org.springframework.security.web.FilterChainProxy$VirtualFilterChain.doFilter(FilterChainProxy.java:374)
	at org.springframework.security.web.savedrequest.RequestCacheAwareFilter.doFilter(RequestCacheAwareFilter.java:63)
	at org.springframework.security.web.FilterChainProxy$VirtualFilterChain.doFilter(FilterChainProxy.java:374)
	at org.springframework.security.web.authentication.www.BasicAuthenticationFilter.doFilterInternal(BasicAuthenticationFilter.java:181)
	at org.springframework.web.filter.OncePerRequestFilter.doFilter(OncePerRequestFilter.java:116)
	at org.springframework.security.web.FilterChainProxy$VirtualFilterChain.doFilter(FilterChainProxy.java:374)
	at de.telran.gardenStore.service.security.JwtAuthFilter.doFilterInternal(JwtAuthFilter.java:35)
	at org.springframework.web.filter.OncePerRequestFilter.doFilter(OncePerRequestFilter.java:116)
	at org.springframework.security.web.FilterChainProxy$VirtualFilterChain.doFilter(FilterChainProxy.java:374)
	at org.springframework.security.web.authentication.logout.LogoutFilter.doFilter(LogoutFilter.java:107)
	at org.springframework.security.web.authentication.logout.LogoutFilter.doFilter(LogoutFilter.java:93)
	at org.springframework.security.web.FilterChainProxy$VirtualFilterChain.doFilter(FilterChainProxy.java:374)
	at org.springframework.security.web.header.HeaderWriterFilter.doHeadersAfter(HeaderWriterFilter.java:90)
	at org.springframework.security.web.header.HeaderWriterFilter.doFilterInternal(HeaderWriterFilter.java:75)
	at org.springframework.web.filter.OncePerRequestFilter.doFilter(OncePerRequestFilter.java:116)
	at org.springframework.security.web.FilterChainProxy$VirtualFilterChain.doFilter(FilterChainProxy.java:374)
	at org.springframework.security.web.context.SecurityContextHolderFilter.doFilter(SecurityContextHolderFilter.java:82)
	at org.springframework.security.web.context.SecurityContextHolderFilter.doFilter(SecurityContextHolderFilter.java:69)
	at org.springframework.security.web.FilterChainProxy$VirtualFilterChain.doFilter(FilterChainProxy.java:374)
	at org.springframework.security.web.context.request.async.WebAsyncManagerIntegrationFilter.doFilterInternal(WebAsyncManagerIntegrationFilter.java:62)
	at org.springframework.web.filter.OncePerRequestFilter.doFilter(OncePerRequestFilter.java:116)
	at org.springframework.security.web.FilterChainProxy$VirtualFilterChain.doFilter(FilterChainProxy.java:374)
	at org.springframework.security.web.session.DisableEncodeUrlFilter.doFilterInternal(DisableEncodeUrlFilter.java:42)
	at org.springframework.web.filter.OncePerRequestFilter.doFilter(OncePerRequestFilter.java:116)
	at org.springframework.security.web.FilterChainProxy$VirtualFilterChain.doFilter(FilterChainProxy.java:374)
	at org.springframework.security.web.FilterChainProxy.doFilterInternal(FilterChainProxy.java:233)
	at org.springframework.security.web.FilterChainProxy.doFilter(FilterChainProxy.java:191)
	at org.springframework.web.filter.CompositeFilter$VirtualFilterChain.doFilter(CompositeFilter.java:113)
	at org.springframework.web.filter.ServletRequestPathFilter.doFilter(ServletRequestPathFilter.java:52)
	at org.springframework.web.filter.CompositeFilter$VirtualFilterChain.doFilter(CompositeFilter.java:113)
	at org.springframework.web.filter.CompositeFilter.doFilter(CompositeFilter.java:74)
	at org.springframework.security.config.annotation.web.configuration.WebSecurityConfiguration$CompositeFilterChainProxy.doFilter(WebSecurityConfiguration.java:319)
	at org.springframework.web.filter.CompositeFilter$VirtualFilterChain.doFilter(CompositeFilter.java:113)
	at org.springframework.web.servlet.handler.HandlerMappingIntrospector.lambda$createCacheFilter$4(HandlerMappingIntrospector.java:267)
	at org.springframework.web.filter.CompositeFilter$VirtualFilterChain.doFilter(CompositeFilter.java:113)
	at org.springframework.web.filter.CompositeFilter.doFilter(CompositeFilter.java:74)
	at org.springframework.security.config.annotation.web.configuration.WebMvcSecurityConfiguration$CompositeFilterChainProxy.doFilter(WebMvcSecurityConfiguration.java:240)
	at org.springframework.web.filter.DelegatingFilterProxy.invokeDelegate(DelegatingFilterProxy.java:362)
	at org.springframework.web.filter.DelegatingFilterProxy.doFilter(DelegatingFilterProxy.java:278)
	at org.apache.catalina.core.ApplicationFilterChain.internalDoFilter(ApplicationFilterChain.java:164)
	at org.apache.catalina.core.ApplicationFilterChain.doFilter(ApplicationFilterChain.java:140)
	at org.springframework.web.filter.RequestContextFilter.doFilterInternal(RequestContextFilter.java:100)
	at org.springframework.web.filter.OncePerRequestFilter.doFilter(OncePerRequestFilter.java:116)
	at org.apache.catalina.core.ApplicationFilterChain.internalDoFilter(ApplicationFilterChain.java:164)
	at org.apache.catalina.core.ApplicationFilterChain.doFilter(ApplicationFilterChain.java:140)
	at org.springframework.web.filter.FormContentFilter.doFilterInternal(FormContentFilter.java:93)
	at org.springframework.web.filter.OncePerRequestFilter.doFilter(OncePerRequestFilter.java:116)
	at org.apache.catalina.core.ApplicationFilterChain.internalDoFilter(ApplicationFilterChain.java:164)
	at org.apache.catalina.core.ApplicationFilterChain.doFilter(ApplicationFilterChain.java:140)
	at org.springframework.web.filter.CharacterEncodingFilter.doFilterInternal(CharacterEncodingFilter.java:201)
	at org.springframework.web.filter.OncePerRequestFilter.doFilter(OncePerRequestFilter.java:116)
	at org.apache.catalina.core.ApplicationFilterChain.internalDoFilter(ApplicationFilterChain.java:164)
	at org.apache.catalina.core.ApplicationFilterChain.doFilter(ApplicationFilterChain.java:140)
	at org.apache.catalina.core.StandardWrapperValve.invoke(StandardWrapperValve.java:167)
	at org.apache.catalina.core.StandardContextValve.invoke(StandardContextValve.java:90)
	at org.apache.catalina.authenticator.AuthenticatorBase.invoke(AuthenticatorBase.java:483)
	at org.apache.catalina.core.StandardHostValve.invoke(StandardHostValve.java:116)
	at org.apache.catalina.valves.ErrorReportValve.invoke(ErrorReportValve.java:93)
	at org.apache.catalina.core.StandardEngineValve.invoke(StandardEngineValve.java:74)
	at org.apache.catalina.connector.CoyoteAdapter.service(CoyoteAdapter.java:344)
	at org.apache.coyote.http11.Http11Processor.service(Http11Processor.java:398)
	at org.apache.coyote.AbstractProcessorLight.process(AbstractProcessorLight.java:63)
	at org.apache.coyote.AbstractProtocol$ConnectionHandler.process(AbstractProtocol.java:903)
	at org.apache.tomcat.util.net.NioEndpoint$SocketProcessor.doRun(NioEndpoint.java:1769)
	at org.apache.tomcat.util.net.SocketProcessorBase.run(SocketProcessorBase.java:52)
	at org.apache.tomcat.util.threads.ThreadPoolExecutor.runWorker(ThreadPoolExecutor.java:1189)
	at org.apache.tomcat.util.threads.ThreadPoolExecutor$Worker.run(ThreadPoolExecutor.java:658)
	at org.apache.tomcat.util.threads.TaskThread$WrappingRunnable.run(TaskThread.java:63)
	at java.base/java.lang.Thread.run(Thread.java:1583)
